id,income,age,debt_ratio,n_loans,region,employment,random_score,default
1,24427.0,27,0.762,1,south,self-employed,0.297,0
2,40957.0,61,0.962,2,north,,0.751,1
3,14071.0,33,0.08,0,north,employed,0.73,1
4,72976.0,63,0.413,1,east,self-employed,1.359,0
5,49968.0,54,0.597,0,north,employed,0.754,0
6,31382.0,54,0.616,1,north,employed,-0.016,0
7,31071.0,63,0.962,1,north,self-employed,-1.418,1
8,42274.0,40,0.233,2,south,employed,0.341,0
9,31767.0,46,0.424,2,west,,0.921,1
10,32437.0,32,0.434,1,west,employed,1.373,0
11,52054.0,44,0.463,0,east,,0.39,0
12,46974.0,62,0.608,2,south,employed,0.186,0
13,35170.0,28,0.341,1,islands,retired,-0.76,1
14,34796.0,25,0.333,1,south,retired,-0.475,0
15,39358.0,34,0.216,2,south,,1.191,0
16,26715.0,46,0.565,1,north,employed,-0.025,0
17,29677.0,51,0.635,2,south,unemployed,-0.307,0
18,47769.0,43,0.538,0,north,employed,0.821,0
19,34022.0,31,0.283,1,north,employed,2.077,0
20,18266.0,22,0.578,1,north,employed,-1.493,1
21,28606.0,67,0.525,3,south,self-employed,1.568,1
22,50428.0,29,0.25,1,east,self-employed,-0.223,0
23,32333.0,42,0.355,4,north,self-employed,-2.685,0
24,33713.0,52,0.282,0,south,retired,-1.336,0
25,50057.0,59,0.092,1,north,employed,1.711,0
26,90428.0,58,0.425,0,south,unemployed,-0.014,0
27,25423.0,49,0.853,0,west,employed,-0.209,0
28,71261.0,49,0.596,4,west,retired,1.696,0
29,19634.0,50,0.419,1,east,employed,-1.042,0
30,39636.0,59,0.67,2,north,employed,0.446,0
31,20236.0,37,0.382,0,west,,0.068,0
32,71377.0,29,0.113,0,north,employed,0.991,0
33,55103.0,45,0.465,1,south,self-employed,0.746,0
34,64142.0,21,0.436,1,north,employed,-0.224,0
35,23324.0,49,0.408,1,west,employed,1.694,1
36,51138.0,30,0.459,5,east,employed,1.09,0
37,28015.0,68,0.267,1,north,employed,-2.913,0
38,28892.0,26,0.416,1,south,self-employed,0.138,0
39,46783.0,61,0.668,0,west,employed,0.821,0
40,56295.0,40,0.47,2,east,employed,1.453,0
41,40224.0,28,0.314,0,south,employed,0.248,0
42,26529.0,35,0.51,4,north,employed,1.234,0
43,24031.0,53,0.675,1,south,self-employed,-0.156,0
44,74769.0,68,0.425,0,south,employed,-0.112,0
45,48873.0,46,0.576,3,south,self-employed,-2.415,1
46,52045.0,25,0.459,1,north,employed,0.198,0
47,108201.0,62,0.014,1,south,employed,-0.104,0
48,24151.0,22,0.202,2,south,retired,0.508,1
49,130578.0,66,0.53,1,south,employed,0.592,0
50,175510.0,63,0.413,0,east,self-employed,-1.667,0
51,81569.0,31,0.696,1,west,employed,-0.751,0
52,54916.0,29,0.473,1,east,employed,0.659,0
53,26058.0,63,0.837,2,north,self-employed,0.926,1
54,59709.0,26,0.365,2,north,employed,0.354,0
55,29105.0,57,0.681,0,south,employed,-0.952,0
56,35924.0,21,0.533,0,south,employed,0.494,1
57,31407.0,54,0.261,1,north,retired,0.738,0
58,41853.0,61,0.89,0,south,unemployed,1.664,1
59,69150.0,66,0.302,4,west,employed,0.837,1
60,27507.0,37,0.296,1,north,employed,0.184,0
61,22188.0,48,0.528,2,south,retired,-0.009,0
62,21994.0,26,0.267,0,east,retired,0.199,0
63,22379.0,23,0.328,0,east,employed,-1.166,0
64,17755.0,55,0.124,2,east,employed,-0.698,0
65,23007.0,67,0.566,1,west,employed,-0.983,0
66,69330.0,53,0.359,0,west,retired,0.174,1
67,26993.0,27,0.706,1,south,employed,1.18,0
68,41297.0,40,0.97,0,east,employed,-0.016,1
69,19763.0,26,0.489,2,north,retired,-0.984,1
70,39530.0,25,0.654,4,east,employed,-0.472,1
71,15208.0,60,0.805,2,west,retired,1.288,1
72,25607.0,36,0.031,2,south,employed,0.187,0
73,112114.0,69,0.494,2,east,employed,1.705,0
74,27133.0,55,0.092,0,east,unemployed,0.711,0
75,63576.0,63,0.499,0,east,unemployed,-0.456,1
76,45594.0,54,0.344,2,east,unemployed,0.003,0
77,33641.0,32,0.471,1,west,self-employed,-1.721,1
78,26211.0,52,0.554,1,south,employed,0.163,0
79,69110.0,29,0.301,2,east,unemployed,0.499,0
80,33233.0,32,0.367,3,north,self-employed,-0.723,1
81,77941.0,60,0.528,2,north,employed,0.657,0
82,25348.0,37,0.561,3,east,employed,0.679,1
83,37372.0,28,0.234,1,east,employed,-0.192,0
84,45833.0,55,0.424,0,south,unemployed,-0.067,0
85,43765.0,24,0.312,0,west,employed,0.843,1
86,19596.0,60,1.174,0,south,retired,0.302,1
87,26055.0,46,0.708,2,south,employed,0.606,1
88,32926.0,62,0.343,2,north,retired,-0.14,0
89,23698.0,28,0.517,3,south,employed,1.397,0
90,50953.0,43,0.152,0,east,employed,0.322,1
91,48728.0,23,0.597,0,south,,-0.516,0
92,,63,0.571,0,east,unemployed,0.117,1
93,14726.0,59,0.537,1,east,employed,-0.394,0
94,19134.0,62,0.216,4,south,self-employed,0.669,0
95,38508.0,62,0.116,0,south,employed,-1.686,0
96,100367.0,68,0.276,4,west,self-employed,0.391,1
97,29996.0,28,0.154,0,south,employed,-0.709,0
98,41164.0,24,0.544,2,east,retired,0.617,1
99,21342.0,54,0.183,1,south,retired,1.306,0
100,21517.0,36,0.185,2,north,employed,-0.644,0
101,13649.0,28,0.695,1,west,employed,1.077,0
102,35804.0,52,0.47,1,west,retired,1.729,1
103,58315.0,38,0.445,0,north,employed,0.623,0
104,30383.0,53,0.253,0,south,employed,-0.995,0
105,73001.0,62,0.904,2,north,,-2.342,1
106,40092.0,43,0.522,1,south,employed,-0.051,0
107,35660.0,62,0.362,1,south,self-employed,-0.088,0
108,47034.0,26,0.186,4,south,employed,-0.321,0
109,46337.0,25,0.012,1,south,employed,-0.359,0
110,64467.0,63,0.412,3,south,unemployed,-3.464,0
111,24319.0,62,0.293,1,north,employed,0.776,0
112,11568.0,40,0.474,2,east,retired,1.695,0
113,,55,0.044,0,north,self-employed,-0.616,0
114,26747.0,29,0.386,0,east,employed,-0.418,0
115,35825.0,48,0.197,1,south,retired,0.446,0
116,83462.0,25,0.778,2,south,unemployed,-1.016,0
117,20922.0,47,0.191,1,north,employed,1.416,0
118,53231.0,51,0.325,2,east,,0.41,0
119,58275.0,57,0.874,1,south,employed,-0.077,0
120,45724.0,34,0.378,3,south,employed,-1.201,1
121,63529.0,34,0.422,2,north,employed,0.159,0
122,28878.0,56,0.367,1,north,self-employed,-0.297,0
123,25829.0,31,0.444,0,south,self-employed,0.865,0
124,61053.0,29,0.82,1,south,self-employed,0.012,0
125,52060.0,50,0.268,3,west,unemployed,0.172,0
126,72779.0,33,0.207,0,north,employed,0.532,0
127,40382.0,54,0.662,1,south,self-employed,0.0,0
128,81779.0,40,0.602,0,south,employed,1.009,0
129,31538.0,25,0.399,1,west,employed,0.068,0
130,21372.0,39,0.892,1,north,employed,-0.477,0
131,13114.0,55,0.643,1,north,employed,0.065,0
132,,40,0.054,1,north,employed,-0.696,0
133,54680.0,43,0.064,2,west,unemployed,1.016,0
134,17458.0,46,0.294,1,north,unemployed,0.418,1
135,28964.0,29,0.198,1,north,self-employed,-0.775,0
136,104119.0,53,0.302,1,north,employed,1.83,0
137,55459.0,43,0.494,0,east,,0.121,0
138,88920.0,32,0.452,1,north,unemployed,-0.766,0
139,22120.0,66,0.981,1,east,unemployed,0.067,1
140,10615.0,34,0.489,0,west,self-employed,0.214,1
141,77512.0,40,0.199,0,south,employed,1.393,0
142,17882.0,69,0.656,2,south,employed,-0.516,1
143,,52,0.778,0,south,unemployed,1.502,1
144,,52,0.127,2,west,self-employed,1.654,0
145,22597.0,22,0.298,3,east,self-employed,1.249,1
146,78930.0,28,0.524,0,north,unemployed,1.08,0
147,78800.0,27,0.426,1,east,unemployed,2.025,1
148,47845.0,46,0.364,1,south,retired,-0.802,0
149,35784.0,45,0.187,0,south,employed,0.771,0
150,39963.0,36,0.305,3,north,self-employed,0.619,0
151,20995.0,47,0.642,0,east,employed,-1.797,0
152,32224.0,59,0.529,1,north,retired,-1.128,0
153,34459.0,30,0.366,2,north,employed,-0.82,0
154,23715.0,22,0.632,0,south,,-1.157,0
155,55526.0,34,0.329,0,north,self-employed,-1.618,0
156,,61,0.518,0,east,employed,-0.025,0
157,28949.0,22,0.097,0,south,retired,-1.118,0
158,11773.0,33,0.377,0,north,retired,-0.107,0
159,46556.0,32,0.999,0,east,,-1.662,0
160,52644.0,34,0.182,2,south,employed,-0.592,0
161,49545.0,42,0.324,2,north,unemployed,-0.809,0
162,156224.0,42,0.187,1,east,retired,1.695,0
163,58099.0,54,0.542,1,north,retired,-0.032,0
164,22675.0,57,0.898,0,west,self-employed,0.774,0
165,137554.0,48,0.034,0,east,employed,-2.022,0
166,22922.0,46,0.319,1,east,self-employed,0.241,0
167,,22,0.663,0,south,employed,2.046,0
168,52657.0,40,0.077,2,north,employed,-0.024,0
169,23392.0,38,0.38,2,west,employed,0.901,0
170,72961.0,59,0.256,2,north,self-employed,0.628,0
171,43360.0,59,0.19,2,south,employed,-0.08,0
172,48314.0,56,0.341,0,north,employed,0.162,0
173,25904.0,63,0.475,2,east,employed,-0.619,0
174,69655.0,44,0.048,0,north,self-employed,0.305,0
175,23612.0,65,0.66,1,north,self-employed,-0.521,1
176,14919.0,57,0.101,1,north,employed,0.279,0
177,74055.0,28,0.619,0,north,employed,-1.271,0
178,29338.0,58,0.67,1,west,employed,-0.755,0
179,37112.0,43,0.403,1,south,unemployed,0.426,0
180,94976.0,53,0.38,0,west,employed,1.312,0
181,64103.0,35,0.292,3,south,employed,1.556,0
182,49829.0,34,0.034,0,north,employed,1.095,0
183,62004.0,25,0.14,0,east,employed,0.168,0
184,25242.0,66,0.265,0,west,unemployed,0.094,0
185,52920.0,42,0.586,2,west,employed,0.006,1
186,63257.0,55,0.762,2,east,retired,-0.015,1
187,52982.0,50,0.557,2,south,employed,-0.348,0
188,32792.0,21,0.899,0,south,employed,1.172,0
189,5576.0,51,0.505,4,north,self-employed,1.066,1
190,47985.0,54,0.22,1,west,employed,0.69,0
191,38462.0,67,0.44,0,west,self-employed,-0.206,0
192,30189.0,54,0.48,1,west,employed,-1.399,1
193,53586.0,39,0.119,1,north,unemployed,-0.029,0
194,41475.0,60,0.64,0,west,retired,-1.464,0
195,40214.0,28,0.976,1,west,employed,-0.719,0
196,17296.0,30,0.281,0,south,employed,-1.373,0
197,17507.0,29,0.104,0,north,employed,0.511,0
198,43707.0,29,0.472,3,east,employed,-1.084,1
199,37723.0,69,0.44,0,south,retired,-1.141,1
200,38924.0,55,0.154,1,north,employed,1.088,0
201,39463.0,28,0.099,1,west,retired,0.274,0
202,44611.0,42,0.138,0,south,unemployed,-1.303,1
203,36976.0,60,0.535,1,west,self-employed,0.737,0
204,39296.0,47,0.257,2,south,employed,-2.609,0
205,41277.0,43,0.389,2,north,retired,-0.254,0
206,57798.0,69,0.116,0,east,employed,0.084,0
207,28076.0,23,0.143,0,south,,-0.457,0
208,53809.0,42,0.137,2,north,employed,-0.674,0
209,49921.0,61,0.138,1,north,employed,0.429,0
210,38281.0,27,0.367,3,north,employed,1.578,0
211,,69,0.805,0,north,employed,0.825,0
212,43677.0,31,0.541,0,north,employed,1.104,1
213,55937.0,49,0.753,0,west,employed,0.798,0
214,21216.0,69,0.671,1,north,employed,-1.048,1
215,37462.0,27,0.089,1,east,,0.198,0
216,37510.0,22,0.819,0,west,self-employed,1.036,0
217,26092.0,21,0.565,2,east,self-employed,1.21,1
218,26645.0,63,0.627,0,east,employed,0.697,0
219,16721.0,56,0.802,2,west,,0.29,1
220,20919.0,35,0.293,1,west,retired,0.389,0
221,16836.0,33,0.326,0,east,employed,-0.636,0
222,26681.0,59,0.234,4,east,unemployed,0.924,0
223,27447.0,25,0.266,0,south,employed,-0.004,0
224,,44,0.295,1,south,self-employed,-1.305,0
225,,61,0.417,2,north,employed,-0.375,1
226,33065.0,47,0.124,4,east,employed,1.178,1
227,25224.0,51,0.282,6,east,employed,-1.923,1
228,25313.0,23,0.587,1,north,self-employed,1.251,1
229,20625.0,29,0.43,1,south,self-employed,-0.306,0
230,32923.0,51,0.551,0,north,retired,-2.967,0
231,32630.0,39,0.404,1,north,employed,-1.497,0
232,81755.0,55,0.865,1,east,employed,1.19,1
233,78204.0,24,0.799,1,west,employed,-0.382,0
234,76035.0,36,0.757,0,south,unemployed,-0.589,0
235,102706.0,27,0.359,1,west,employed,-0.052,0
236,19761.0,31,0.236,1,west,employed,0.988,0
237,50843.0,62,0.751,1,south,employed,-0.876,0
238,53132.0,55,0.1,0,north,employed,-1.496,0
239,46079.0,36,0.54,0,north,self-employed,-0.89,0
240,105170.0,32,0.065,0,west,self-employed,0.93,0
241,129177.0,32,0.052,2,east,employed,-0.822,0
242,59260.0,54,0.392,2,north,self-employed,-1.121,0
243,50341.0,60,0.524,2,north,employed,0.249,0
244,20719.0,43,0.166,1,south,employed,-2.124,0
245,20740.0,23,0.096,1,south,employed,-0.156,0
246,51540.0,46,0.719,1,south,employed,0.495,1
247,34968.0,53,0.257,4,north,self-employed,0.094,1
248,18671.0,22,0.632,1,south,employed,-1.748,0
249,34132.0,44,0.702,1,north,employed,1.34,0
250,43478.0,40,1.075,1,east,unemployed,0.935,1
251,57986.0,53,0.085,1,south,self-employed,-0.181,0
252,34412.0,32,0.438,1,west,unemployed,0.882,1
253,31742.0,48,0.404,1,south,employed,-0.061,0
254,36428.0,21,0.792,2,south,employed,0.476,0
255,39596.0,45,0.368,0,west,self-employed,-0.526,0
256,20301.0,45,0.915,0,east,retired,-0.692,0
257,55086.0,38,0.619,0,south,employed,1.681,0
258,108571.0,22,0.117,0,north,employed,0.593,0
259,,69,0.037,1,east,retired,0.545,0
260,17604.0,35,0.219,1,north,employed,0.196,0
261,38073.0,43,0.646,1,north,unemployed,-0.413,0
262,15021.0,25,0.623,3,south,employed,0.177,0
263,14551.0,41,0.192,1,north,self-employed,-0.972,0
264,50495.0,53,0.328,1,west,self-employed,-0.236,0
265,37753.0,67,0.482,1,south,employed,-0.164,1
266,25757.0,25,0.319,2,west,employed,0.337,0
267,12788.0,63,0.127,2,south,employed,-0.299,0
268,19255.0,61,0.702,1,south,,-1.538,0
269,39383.0,59,0.442,1,west,employed,2.316,1
270,36899.0,42,0.839,1,west,employed,0.088,0
271,51269.0,46,0.509,0,north,employed,-0.844,0
272,77784.0,43,0.433,1,north,employed,0.027,0
273,30650.0,69,0.701,0,south,employed,0.429,0
274,45912.0,59,0.308,2,north,employed,1.094,0
275,33898.0,51,0.186,0,north,retired,-0.551,0
276,28332.0,24,0.949,1,south,unemployed,0.646,1
277,32132.0,31,0.631,1,west,employed,0.654,0
278,58711.0,39,0.075,0,west,employed,2.196,0
279,21716.0,42,0.507,1,south,self-employed,0.341,0
280,64249.0,33,0.142,2,south,employed,0.918,0
281,76012.0,55,0.82,0,north,employed,1.166,0
282,36970.0,44,0.174,3,west,,0.436,0
283,41252.0,48,0.404,0,north,self-employed,0.077,0
284,17928.0,61,0.32,0,east,employed,0.017,0
285,118216.0,57,0.112,2,south,self-employed,-0.016,0
286,59245.0,60,0.496,2,north,employed,-0.334,0
287,39582.0,41,0.202,1,north,employed,-1.124,1
288,37374.0,32,0.654,1,north,employed,-0.658,1
289,45501.0,49,0.452,2,west,employed,2.394,0
290,26223.0,47,0.517,0,east,employed,-0.193,0
291,41841.0,34,0.527,0,north,unemployed,0.89,0
292,22884.0,58,0.375,0,south,employed,1.264,0
293,,51,0.203,1,south,self-employed,1.084,1
294,25871.0,47,0.217,2,south,employed,-1.526,0
295,,61,0.131,1,south,,-0.103,0
296,34194.0,55,0.545,0,south,employed,0.629,1
297,41538.0,23,0.583,1,west,,-0.216,1
298,159603.0,29,0.663,1,west,employed,1.739,0
299,54291.0,46,0.139,2,south,employed,1.236,1
300,41519.0,51,0.323,2,north,employed,0.177,0
301,37131.0,66,0.251,4,east,employed,1.147,1
302,,30,0.088,3,south,employed,-0.869,0
303,62449.0,60,0.644,0,north,employed,0.456,0
304,80916.0,40,1.109,2,west,unemployed,-2.182,1
305,37503.0,31,0.434,1,south,self-employed,-0.623,0
306,,35,0.414,2,west,employed,-0.948,1
307,34333.0,69,0.139,0,west,employed,1.328,0
308,14965.0,37,0.018,2,south,employed,-0.657,0
309,26196.0,45,0.488,3,west,employed,-1.943,1
310,21408.0,51,0.259,0,north,employed,-0.102,0
311,31657.0,35,0.396,0,south,employed,-0.283,0
312,49687.0,67,0.495,1,north,self-employed,-0.56,0
313,22823.0,64,0.611,1,west,employed,-0.32,1
314,34887.0,66,0.345,1,south,employed,0.072,0
315,,55,0.332,2,east,retired,0.023,0
316,25172.0,39,0.601,1,south,self-employed,-1.106,1
317,23048.0,49,0.492,0,east,self-employed,1.018,1
318,37934.0,31,0.401,3,south,self-employed,-0.738,1
319,56173.0,21,0.708,1,west,unemployed,-0.972,1
320,26860.0,51,0.279,1,south,unemployed,0.446,1
321,24942.0,50,0.315,1,south,employed,-0.69,0
322,33839.0,56,0.851,1,south,employed,-1.573,0
323,41981.0,24,0.089,1,north,self-employed,0.629,0
324,27681.0,53,0.725,4,north,employed,-1.129,1
325,30728.0,45,0.39,0,west,employed,0.327,1
326,32350.0,43,0.619,0,south,self-employed,0.714,0
327,21102.0,34,0.444,4,north,employed,-0.7,1
328,33231.0,49,0.475,1,north,employed,0.476,0
329,27446.0,46,0.283,2,south,self-employed,0.108,0
330,80153.0,69,0.394,1,east,employed,0.446,1
331,28039.0,55,0.223,1,south,retired,0.31,0
332,45641.0,24,0.536,0,east,retired,-0.445,0
333,43904.0,23,0.322,1,south,retired,0.246,0
334,20764.0,61,0.14,0,north,unemployed,-0.54,1
335,19448.0,57,0.192,1,north,employed,-0.659,0
336,29064.0,33,0.677,0,north,employed,0.593,0
337,50579.0,30,0.13,3,west,retired,0.14,1
338,27266.0,51,0.412,2,south,retired,0.404,1
339,26158.0,58,1.034,2,north,employed,-0.148,1
340,8518.0,66,0.249,0,north,employed,0.708,0
341,29780.0,43,0.568,0,south,retired,-0.156,0
342,42457.0,64,0.144,1,west,employed,0.505,0
343,45358.0,40,0.256,0,west,employed,-0.551,0
344,45008.0,23,0.67,0,north,employed,-1.341,1
345,30825.0,45,0.188,1,east,employed,-1.707,0
346,32416.0,65,0.236,1,north,employed,-0.253,1
347,55058.0,44,0.71,1,west,self-employed,-1.074,0
348,33933.0,44,0.46,1,north,employed,-0.547,0
349,11481.0,42,0.05,0,west,employed,-0.263,0
350,60476.0,23,0.366,0,south,employed,-3.133,1
351,21187.0,59,0.63,2,east,unemployed,0.423,0
352,72232.0,30,0.847,1,west,self-employed,0.182,0
353,84717.0,51,0.477,0,south,employed,-1.526,0
354,53168.0,46,0.71,0,west,retired,0.783,0
355,57071.0,36,0.182,1,south,self-employed,-1.343,0
356,91941.0,27,0.438,0,north,employed,-1.341,0
357,20930.0,25,0.16,2,islands,self-employed,-0.69,0
358,41230.0,29,0.386,2,south,unemployed,1.529,0
359,40927.0,37,0.452,1,west,unemployed,-0.25,1
360,22392.0,63,0.395,0,north,,0.182,0
361,99301.0,30,0.283,3,west,self-employed,-0.172,1
362,27164.0,28,0.353,1,north,employed,-0.068,0
363,25194.0,39,0.294,2,west,self-employed,-0.566,1
364,41517.0,62,0.934,0,west,self-employed,-1.648,0
365,60813.0,67,0.381,2,south,retired,1.659,0
366,26889.0,46,0.577,1,north,employed,0.17,0
367,26909.0,45,0.782,1,west,employed,1.011,0
368,46726.0,28,0.08,6,south,employed,-0.266,0
369,17804.0,42,0.407,1,north,employed,-1.5,0
370,24679.0,62,0.74,0,north,employed,1.631,0
371,23882.0,67,0.206,1,north,employed,1.667,0
372,29227.0,30,0.389,2,south,self-employed,-1.351,1
373,33822.0,41,0.601,0,south,employed,-0.012,1
374,91318.0,24,0.876,0,east,self-employed,-1.157,0
375,57164.0,32,0.373,1,south,self-employed,0.504,0
376,36724.0,68,0.532,0,west,employed,0.436,0
377,32456.0,29,0.423,1,south,employed,-0.976,0
378,56228.0,41,0.343,3,east,employed,-0.719,0
379,,34,0.348,1,west,self-employed,-0.13,1
380,56704.0,58,0.757,0,south,retired,-0.592,1
381,72438.0,60,0.352,3,north,employed,-1.04,0
382,21937.0,53,0.241,0,north,unemployed,-0.073,0
383,11773.0,32,0.69,2,north,retired,0.663,1
384,35922.0,56,0.454,0,south,self-employed,0.684,0
385,37787.0,48,0.413,0,south,employed,-0.358,0
386,41915.0,38,0.378,3,south,,-2.319,1
387,26919.0,62,0.96,1,west,employed,-0.761,0
388,32328.0,31,0.453,2,north,employed,0.651,0
389,48020.0,45,0.536,0,east,retired,-1.666,1
390,49330.0,44,0.698,1,north,self-employed,0.498,0
391,70650.0,51,0.336,0,north,employed,1.407,0
392,,49,0.3,2,east,employed,-0.48,0
393,15925.0,38,0.06,0,north,employed,-0.041,0
394,75431.0,57,0.277,3,south,self-employed,-0.142,0
395,,50,0.309,1,west,employed,-0.695,0
396,53999.0,52,0.102,3,east,self-employed,0.653,0
397,31495.0,51,0.549,0,east,employed,0.208,0
398,28650.0,45,0.067,1,east,employed,-0.728,0
399,40131.0,52,0.078,1,north,self-employed,0.208,0
400,22700.0,67,0.387,0,north,employed,-1.306,0
401,16897.0,65,0.151,0,islands,unemployed,-0.063,0
402,20842.0,37,0.257,0,south,self-employed,2.176,0
403,38494.0,50,0.252,2,west,employed,0.78,0
404,49941.0,25,0.625,1,west,self-employed,0.493,0
405,82920.0,52,0.376,1,east,self-employed,0.137,0
406,43735.0,69,0.711,1,west,retired,1.416,0
407,45994.0,31,0.461,1,west,self-employed,-1.162,0
408,84463.0,54,0.318,2,south,employed,-0.057,0
409,24629.0,30,0.37,0,east,retired,0.237,0
410,22479.0,52,0.305,1,north,employed,-0.001,0
411,,28,0.337,1,north,employed,1.848,0
412,34610.0,26,0.138,3,north,employed,0.37,0
413,99869.0,32,0.398,0,south,employed,0.749,1
414,30503.0,59,0.189,0,north,employed,0.488,0
415,69812.0,69,0.479,0,south,employed,0.005,0
416,28672.0,49,0.217,0,east,,-0.803,0
417,46430.0,40,0.568,2,west,self-employed,0.128,0
418,51055.0,47,0.221,2,south,employed,-0.6,0
419,47405.0,63,0.235,2,north,employed,-0.283,0
420,52866.0,48,0.145,2,west,employed,1.401,0
421,25732.0,28,0.071,1,north,employed,0.558,0
422,75213.0,35,0.36,3,north,unemployed,0.652,1
423,59308.0,53,0.692,2,north,self-employed,0.172,1
424,25567.0,36,0.307,1,south,self-employed,0.129,1
425,46765.0,43,0.095,2,east,employed,1.149,0
426,21235.0,49,0.599,2,south,employed,1.032,1
427,38080.0,57,0.611,0,east,employed,-1.146,0
428,20221.0,35,0.474,2,east,employed,-2.44,0
429,52010.0,59,0.257,1,north,employed,-0.389,0
430,159881.0,61,0.886,0,north,employed,-1.882,0
431,75767.0,35,0.363,0,north,retired,0.677,0
432,52333.0,58,0.066,1,west,employed,-1.698,0
433,23123.0,33,0.128,1,north,employed,-0.449,0
434,43920.0,21,0.155,2,north,self-employed,1.022,1
435,65662.0,38,0.197,2,west,employed,-1.017,0
436,34746.0,29,0.071,1,west,employed,0.132,0
437,38740.0,48,0.36,1,north,self-employed,-0.242,0
438,15566.0,67,0.216,1,north,employed,-1.456,0
439,23678.0,41,0.83,0,east,self-employed,-1.041,0
440,14412.0,22,0.337,3,north,self-employed,-0.618,1
441,94583.0,55,0.136,2,south,employed,0.033,0
442,45996.0,61,0.622,1,south,employed,0.986,0
443,52174.0,22,0.86,2,south,self-employed,-1.265,1
444,,50,0.293,2,north,self-employed,1.195,0
445,17495.0,63,0.143,1,south,retired,-0.961,0
446,39656.0,65,0.368,1,south,self-employed,-0.073,0
447,26417.0,57,0.986,2,south,employed,-1.874,1
448,22361.0,44,0.459,0,south,employed,0.516,0
449,37336.0,63,0.528,1,east,employed,-1.113,1
450,38365.0,26,0.183,1,south,,0.999,0
451,33182.0,51,0.088,2,south,employed,0.328,0
452,,44,0.354,1,west,employed,0.271,0
453,22183.0,32,0.519,2,north,employed,-0.136,0
454,36430.0,57,0.507,2,south,unemployed,-0.613,0
455,66919.0,48,0.536,2,north,unemployed,0.054,1
456,16282.0,29,0.081,2,north,employed,-0.443,1
457,26145.0,23,0.84,0,east,retired,1.098,0
458,33484.0,35,0.315,2,south,employed,-0.509,0
459,33545.0,38,1.185,0,north,self-employed,-1.036,1
460,,35,0.373,2,north,retired,-1.468,1
461,95249.0,68,0.423,4,west,retired,-1.402,0
462,44351.0,64,0.818,0,north,self-employed,-0.087,1
463,22188.0,54,0.359,0,north,retired,0.459,1
464,14171.0,36,0.103,1,north,employed,0.003,0
465,33320.0,48,0.372,4,south,employed,0.518,0
466,76095.0,22,0.388,0,south,retired,-0.218,0
467,39990.0,42,0.317,3,south,self-employed,-0.389,0
468,11407.0,64,0.361,2,west,employed,-0.699,0
469,18243.0,21,0.496,0,west,employed,1.595,0
470,38617.0,68,0.673,2,north,employed,0.821,0
471,61933.0,52,0.27,1,south,retired,-0.895,0
472,38970.0,57,0.679,1,islands,employed,-0.902,0
473,39130.0,25,0.784,2,north,retired,0.17,1
474,62100.0,27,0.319,0,south,self-employed,0.967,1
475,68059.0,56,0.569,1,east,self-employed,-0.488,1
476,25893.0,50,0.165,4,north,unemployed,1.675,0
477,45208.0,28,0.439,0,south,employed,-1.787,0
478,22501.0,64,0.321,1,east,employed,-2.679,0
479,21199.0,40,0.509,3,south,employed,-0.211,0
480,48736.0,59,0.767,2,west,unemployed,-0.274,0
481,17824.0,35,0.265,0,north,employed,-1.123,0
482,39535.0,63,0.851,0,east,employed,1.004,0
483,42493.0,29,0.229,3,west,employed,-0.213,0
484,55862.0,39,1.093,4,north,employed,-0.221,1
485,,61,0.448,0,north,employed,1.154,0
486,43932.0,69,0.174,2,south,employed,-0.087,0
487,,49,0.531,1,south,unemployed,-0.318,0
488,76346.0,26,0.272,0,south,employed,-0.609,0
489,25050.0,49,0.457,0,east,unemployed,-0.147,1
490,20848.0,46,0.138,2,north,self-employed,-0.842,1
491,46635.0,44,0.742,2,west,retired,-0.776,0
492,23673.0,65,0.667,1,south,employed,0.34,0
493,19012.0,48,0.637,2,east,employed,-0.243,0
494,57242.0,61,0.371,0,south,employed,0.006,0
495,45035.0,49,0.746,2,east,retired,-0.442,0
496,7664.0,45,0.155,0,south,employed,-0.539,0
497,22914.0,26,0.208,4,west,employed,-0.849,0
498,20868.0,47,0.448,0,south,employed,0.286,0
499,50120.0,26,0.386,3,north,unemployed,0.185,0
500,75832.0,48,0.404,0,north,self-employed,-0.086,0
501,101626.0,26,0.397,2,north,employed,0.967,0
502,51692.0,50,0.619,0,west,employed,-2.353,0
503,20994.0,55,0.43,1,south,,0.378,0
504,20627.0,24,0.22,1,north,employed,0.602,1
505,22553.0,39,0.214,5,west,,-0.362,1
506,46384.0,49,0.796,1,north,employed,0.344,0
507,68371.0,33,0.532,1,north,self-employed,1.413,0
508,,54,0.668,2,west,,0.528,0
509,49248.0,40,0.54,2,south,unemployed,0.405,0
510,57753.0,57,0.454,1,east,employed,0.477,0
511,42531.0,48,0.251,0,north,,0.422,0
512,183160.0,30,0.706,2,south,retired,-0.184,1
513,47459.0,48,0.441,0,north,employed,0.58,0
514,36910.0,42,0.461,2,north,employed,-0.239,0
515,49279.0,28,0.514,1,south,employed,0.904,0
516,27665.0,45,0.325,3,east,unemployed,-0.964,0
517,20960.0,64,0.504,1,west,retired,0.912,0
518,44851.0,55,0.231,3,north,employed,-0.633,0
519,64654.0,33,0.217,1,north,employed,-0.395,0
520,32291.0,38,0.437,2,east,self-employed,-0.817,1
521,57691.0,56,0.271,2,west,employed,-0.536,0
522,30095.0,64,0.328,2,south,employed,-0.02,0
523,82100.0,54,0.515,0,east,self-employed,-0.264,0
524,40433.0,47,0.717,2,east,self-employed,-0.341,1
525,,41,0.574,2,west,self-employed,0.077,1
526,53268.0,47,0.321,1,east,,0.497,0
527,18471.0,66,0.265,0,south,employed,-0.596,1
528,33155.0,22,0.473,0,north,employed,-1.861,1
529,91150.0,41,0.387,2,east,self-employed,0.501,0
530,36984.0,61,0.269,0,north,employed,-0.1,0
531,73226.0,50,0.147,2,north,unemployed,0.385,1
532,56503.0,41,0.338,0,north,employed,-0.551,0
533,14561.0,45,0.393,1,north,employed,1.232,0
534,51724.0,28,0.503,1,west,self-employed,0.162,1
535,21075.0,44,0.329,1,west,employed,0.705,0
536,41383.0,30,0.472,3,west,employed,-0.97,0
537,29502.0,43,0.398,1,north,retired,0.131,0
538,36713.0,55,0.278,2,north,employed,1.147,0
539,35051.0,31,0.72,2,east,employed,2.177,1
540,41000.0,48,0.22,0,south,retired,-0.202,0
541,29023.0,58,0.725,1,islands,self-employed,-0.666,1
542,18481.0,66,0.48,1,east,employed,1.194,0
543,21917.0,65,0.713,0,south,self-employed,-1.031,0
544,57418.0,31,0.047,0,west,employed,-0.331,0
545,86012.0,55,0.249,0,west,employed,1.357,0
546,40794.0,64,0.37,4,east,retired,-0.073,0
547,,34,0.575,0,north,employed,0.819,0
548,59185.0,35,0.257,2,west,employed,-0.665,0
549,18345.0,27,0.627,3,north,employed,1.167,1
550,14238.0,60,0.554,0,west,unemployed,-1.358,1
551,35397.0,63,0.245,1,west,employed,1.142,0
552,,25,0.154,1,east,employed,-1.516,0
553,31690.0,44,0.297,1,north,employed,0.925,0
554,17342.0,53,0.3,0,east,retired,-0.559,0
555,26582.0,63,0.056,1,east,employed,-0.071,1
556,24944.0,47,0.357,1,north,self-employed,-0.847,1
557,47099.0,66,0.548,0,north,employed,1.665,0
558,26275.0,36,1.013,1,east,employed,-1.119,0
559,20458.0,57,0.788,2,east,self-employed,-2.443,1
560,37213.0,64,0.387,1,west,employed,0.968,0
561,160106.0,53,0.498,4,north,retired,-1.029,0
562,46462.0,42,0.249,0,north,employed,-0.507,0
563,13733.0,34,0.935,2,west,,-0.974,1
564,,67,0.655,1,east,unemployed,1.482,0
565,131341.0,40,0.39,3,south,unemployed,-1.489,0
566,39520.0,34,0.416,0,south,employed,0.054,0
567,68895.0,56,0.166,1,east,retired,0.311,0
568,63263.0,22,0.247,0,west,retired,-0.156,0
569,65788.0,39,0.241,0,north,self-employed,0.98,0
570,61414.0,56,0.692,0,north,employed,-0.334,0
571,41828.0,28,0.543,1,north,employed,1.702,0
572,33118.0,36,0.135,2,north,employed,-1.166,0
573,31594.0,25,0.364,1,south,self-employed,0.215,0
574,38566.0,46,0.491,1,south,self-employed,-0.204,0
575,44959.0,25,0.379,1,east,employed,-1.157,0
576,19190.0,30,0.262,3,east,retired,0.151,1
577,31564.0,38,0.48,2,north,employed,-0.324,0
578,35586.0,59,0.381,0,west,self-employed,-0.053,0
579,38328.0,27,0.119,0,west,employed,1.235,0
580,,43,0.67,1,south,employed,0.343,0
581,54350.0,38,0.508,0,east,retired,-1.952,1
582,34476.0,45,0.205,0,north,employed,1.38,0
583,,36,0.691,3,north,employed,0.417,0
584,19566.0,60,0.438,0,north,employed,0.249,0
585,24620.0,38,0.254,1,west,unemployed,-1.727,0
586,40734.0,68,0.945,0,east,self-employed,-0.523,0
587,38545.0,67,0.822,0,west,self-employed,0.429,0
588,13104.0,25,0.418,1,south,employed,-0.631,0
589,57650.0,67,0.451,1,north,employed,-1.013,0
590,25558.0,32,0.128,2,west,self-employed,0.111,0
591,23134.0,42,0.45,3,south,employed,-0.124,1
592,63409.0,63,0.403,3,north,employed,-1.319,0
593,64970.0,39,0.816,1,north,self-employed,0.199,0
594,25446.0,49,0.23,0,south,employed,-0.687,0
595,30400.0,41,0.334,1,south,employed,-1.678,0
596,19692.0,54,0.344,1,east,employed,-0.811,0
597,54563.0,58,0.791,2,south,unemployed,0.621,1
598,57087.0,47,0.339,3,west,employed,-1.272,0
599,29161.0,52,0.476,0,south,employed,1.674,0
600,72827.0,36,0.328,0,north,employed,-0.734,0
601,57486.0,45,0.034,2,south,self-employed,-0.035,1
602,34137.0,56,0.496,1,north,self-employed,0.098,1
603,52093.0,28,0.561,1,south,unemployed,-1.911,1
604,15878.0,54,0.046,2,north,self-employed,0.281,0
605,31844.0,30,0.712,0,south,self-employed,-0.629,0
606,41185.0,53,0.317,0,north,employed,-0.606,0
607,36127.0,38,0.369,1,west,self-employed,-2.126,0
608,101212.0,42,0.718,3,north,self-employed,0.653,0
609,42415.0,61,0.755,0,south,unemployed,-0.537,1
610,43618.0,36,0.664,0,south,employed,-0.691,0
611,18695.0,62,0.438,4,east,employed,0.027,0
612,,52,0.33,2,south,,1.317,1
613,24544.0,28,0.721,1,west,employed,1.177,0
614,117522.0,54,0.397,0,east,self-employed,-0.587,0
615,29501.0,59,0.631,1,west,employed,-1.456,0
616,38543.0,65,0.251,1,west,employed,-0.39,1
617,66696.0,56,0.301,1,east,employed,0.444,1
618,50430.0,30,0.333,1,west,retired,-0.498,0
619,17932.0,64,0.141,2,north,self-employed,-0.233,0
620,49974.0,56,0.331,1,south,employed,0.505,0
621,51801.0,33,0.264,1,north,employed,-0.977,0
622,33163.0,34,0.164,2,north,employed,0.183,0
623,,35,0.324,1,north,employed,2.703,1
624,38268.0,42,0.098,0,south,employed,1.774,0
625,18166.0,22,0.377,0,north,self-employed,-0.307,0
626,27399.0,37,0.208,0,east,employed,0.317,0
627,36694.0,38,0.518,1,north,employed,0.425,0
628,27086.0,67,0.913,0,north,self-employed,-0.765,0
629,47549.0,48,0.221,1,west,employed,0.394,1
630,59933.0,35,0.728,1,north,self-employed,1.221,1
631,41636.0,32,0.057,0,south,self-employed,0.67,0
632,30142.0,34,0.112,0,south,unemployed,0.452,0
633,71784.0,44,0.317,2,north,,0.486,0
634,38901.0,39,0.123,1,south,employed,0.979,0
635,43337.0,27,0.328,2,east,retired,1.088,1
636,24792.0,34,0.499,3,south,employed,0.801,0
637,32571.0,69,0.691,0,west,retired,-0.898,0
638,59817.0,52,0.39,0,south,employed,-1.307,0
639,52673.0,37,0.185,2,north,employed,-0.1,0
640,33073.0,65,0.561,2,north,employed,-0.652,1
641,36466.0,32,0.312,0,west,employed,-0.34,0
642,40114.0,57,0.306,0,south,self-employed,-1.558,0
643,22684.0,51,0.462,2,west,retired,-0.537,0
644,,64,0.375,0,south,employed,0.57,0
645,28119.0,41,0.557,0,north,unemployed,-1.206,0
646,18163.0,28,0.568,1,south,self-employed,-2.407,1
647,39186.0,41,0.518,0,south,employed,0.645,0
648,33796.0,40,0.387,1,south,,0.701,0
649,17467.0,63,0.373,1,east,employed,-0.748,0
650,24404.0,31,0.775,0,north,,-0.928,0
651,34768.0,68,0.084,2,north,unemployed,-1.144,0
652,8557.0,59,0.705,3,north,employed,0.237,1
653,39815.0,52,0.206,3,north,employed,-1.118,0
654,41496.0,35,0.215,1,east,employed,-0.879,0
655,50234.0,36,0.831,0,north,self-employed,0.932,0
656,26967.0,31,0.335,2,south,employed,-2.1,0
657,17830.0,30,0.337,1,north,self-employed,0.153,1
658,,44,0.386,3,north,employed,-0.678,0
659,18261.0,49,0.624,2,north,self-employed,-1.317,0
660,47595.0,60,0.151,2,north,employed,-0.101,1
661,25904.0,54,1.084,2,south,self-employed,1.153,1
662,21893.0,24,0.743,0,north,unemployed,-0.838,1
663,42073.0,69,0.177,2,west,unemployed,1.501,0
664,63648.0,37,0.207,0,north,self-employed,0.004,0
665,33575.0,32,0.509,1,north,employed,-0.591,0
666,32117.0,37,0.343,0,west,employed,-0.6,0
667,15611.0,23,0.855,0,north,employed,0.417,0
668,55028.0,28,1.016,1,west,self-employed,0.132,0
669,37663.0,27,0.225,2,south,employed,1.162,0
670,31703.0,34,0.34,0,east,employed,-0.402,0
671,69856.0,57,0.462,0,west,self-employed,1.531,0
672,16586.0,39,0.635,1,west,employed,0.375,1
673,28217.0,56,0.655,2,west,employed,0.458,0
674,36404.0,67,0.202,2,west,self-employed,-1.609,0
675,,67,0.275,0,north,self-employed,-1.325,0
676,10740.0,60,0.309,1,east,employed,0.126,0
677,,57,0.524,0,east,employed,-1.472,0
678,35766.0,48,0.282,1,west,unemployed,-0.787,0
679,60197.0,23,0.088,0,east,unemployed,-0.449,1
680,100703.0,65,0.245,1,west,self-employed,0.213,0
681,33059.0,40,0.869,1,east,employed,0.083,1
682,44013.0,47,0.16,3,east,employed,-0.248,0
683,41214.0,42,0.195,2,north,self-employed,-0.317,1
684,39533.0,43,0.391,1,north,employed,-0.037,0
685,33889.0,61,0.195,1,east,unemployed,0.664,0
686,44059.0,62,0.337,0,north,employed,0.743,1
687,63837.0,28,0.201,0,south,employed,-0.914,0
688,23753.0,65,0.193,1,east,employed,1.022,0
689,93945.0,57,0.248,0,north,employed,0.903,0
690,46777.0,48,0.642,0,east,self-employed,0.456,0
691,42255.0,26,0.162,0,south,employed,0.379,0
692,11795.0,30,0.495,1,south,,-1.377,1
693,36123.0,63,0.344,3,east,retired,1.213,1
694,22294.0,49,0.668,1,west,retired,1.799,1
695,48397.0,35,0.201,0,north,employed,-0.764,0
696,58559.0,24,0.184,1,east,employed,-1.078,0
697,64534.0,21,0.718,0,north,employed,0.738,0
698,33416.0,69,0.235,2,west,self-employed,-0.576,0
699,34986.0,67,0.719,2,north,employed,0.384,1
700,45187.0,40,0.125,1,south,employed,-1.308,0
701,12720.0,51,0.419,1,west,retired,1.178,1
702,29235.0,52,0.52,2,east,employed,1.195,0
703,,23,0.118,0,south,unemployed,1.3,0
704,47118.0,34,0.408,0,west,employed,-0.481,0
705,28892.0,43,0.324,1,east,employed,-0.581,0
706,52678.0,45,0.106,0,east,employed,-1.396,0
707,,31,0.378,4,west,unemployed,-1.267,0
708,55695.0,67,0.593,0,north,employed,-0.105,0
709,110103.0,67,0.666,1,east,self-employed,-0.422,0
710,79143.0,62,0.573,2,north,employed,-0.525,0
711,58312.0,59,0.37,1,north,employed,1.089,0
712,64367.0,51,0.275,1,west,self-employed,-2.099,0
713,30243.0,22,0.377,2,north,self-employed,-0.345,0
714,24703.0,68,0.085,2,east,employed,-0.349,0
715,23790.0,33,0.045,0,north,employed,0.893,0
716,40050.0,44,0.149,1,north,employed,0.246,0
717,75864.0,42,0.217,1,west,employed,-0.295,0
718,25218.0,54,0.266,0,north,employed,-0.779,0
719,45905.0,68,0.134,2,east,self-employed,2.784,1
720,19465.0,48,0.472,2,east,employed,0.639,0
721,19768.0,25,0.215,2,south,employed,-1.939,0
722,55760.0,48,0.379,2,south,unemployed,-0.67,0
723,25762.0,57,0.141,2,south,employed,1.726,0
724,25394.0,33,0.796,1,west,employed,-0.636,0
725,97512.0,50,0.497,0,west,employed,0.714,0
726,37589.0,21,0.171,0,east,employed,-2.046,0
727,35517.0,68,0.733,0,south,employed,0.157,1
728,32377.0,31,0.186,2,north,retired,0.28,0
729,44697.0,64,0.356,1,east,employed,-0.292,0
730,25491.0,41,0.437,1,west,employed,-1.952,1
731,37371.0,34,0.535,4,east,employed,-0.358,0
732,62527.0,28,0.411,0,west,self-employed,-0.124,0
733,30936.0,62,0.085,0,north,employed,-1.227,0
734,11054.0,59,0.563,2,west,self-employed,-0.685,1
735,26175.0,53,0.482,1,west,employed,-0.667,0
736,53319.0,64,0.101,2,west,unemployed,-0.49,0
737,63605.0,61,0.478,1,west,,0.55,1
738,43555.0,41,0.591,0,west,employed,-0.104,0
739,74140.0,33,0.522,2,south,employed,-0.505,1
740,21594.0,59,0.299,4,west,employed,1.606,1
741,68833.0,26,0.233,1,south,retired,0.542,0
742,40331.0,62,0.832,1,east,unemployed,1.111,1
743,50919.0,58,0.536,0,west,employed,-0.108,1
744,8689.0,48,0.249,1,north,retired,-0.639,0
745,56740.0,46,0.22,1,west,employed,-0.24,0
746,40802.0,66,0.141,2,east,retired,0.654,0
747,94293.0,28,0.617,1,west,unemployed,0.79,1
748,39899.0,64,0.138,0,north,employed,0.551,0
749,22322.0,43,0.189,0,south,employed,-0.355,0
750,24304.0,25,0.192,2,east,employed,0.552,1
751,44480.0,65,0.77,0,south,,1.237,1
752,42357.0,48,0.601,3,south,self-employed,-1.405,1
753,26448.0,40,0.786,3,south,retired,0.805,0
754,21290.0,66,0.229,3,south,retired,2.386,0
755,77498.0,64,0.238,1,west,,-1.762,0
756,32230.0,57,0.253,2,west,employed,-0.778,1
757,35092.0,31,0.521,3,north,employed,-0.134,0
758,27815.0,30,0.392,0,north,employed,-1.799,0
759,73071.0,60,0.466,3,north,employed,-0.143,0
760,63432.0,52,0.142,3,north,employed,2.647,0
761,21789.0,42,0.036,1,north,self-employed,-0.634,0
762,34951.0,40,0.51,0,west,unemployed,-1.022,1
763,22901.0,32,0.685,0,north,employed,-0.967,0
764,,33,0.685,3,north,retired,0.214,0
765,45326.0,58,0.542,2,west,employed,-1.909,1
766,31568.0,57,0.114,1,north,employed,-0.055,0
767,,54,0.778,0,south,unemployed,0.558,0
768,47671.0,29,0.17,1,south,self-employed,0.083,0
769,32112.0,67,0.913,0,north,employed,1.146,1
770,,56,0.512,0,north,retired,-2.149,0
771,22854.0,49,0.274,2,north,self-employed,-0.478,1
772,19588.0,41,0.267,0,west,self-employed,0.208,0
773,73515.0,69,0.375,0,south,unemployed,0.611,1
774,29353.0,45,0.577,1,south,employed,-0.693,0
775,,33,0.29,2,east,unemployed,0.85,0
776,56384.0,32,0.322,0,west,,0.049,0
777,18416.0,24,0.239,3,south,employed,-1.237,0
778,26776.0,42,0.985,0,south,self-employed,0.72,1
779,37222.0,24,0.267,1,south,employed,-0.103,0
780,32525.0,69,0.584,0,east,employed,0.36,0
781,42253.0,57,0.286,1,east,self-employed,-0.547,1
782,26736.0,52,0.671,3,south,employed,-0.47,1
783,34806.0,54,0.112,0,north,employed,0.05,0
784,59919.0,64,0.532,1,west,employed,-0.776,0
785,70718.0,64,0.546,2,north,employed,0.123,0
786,24464.0,63,0.675,1,north,employed,-0.116,0
787,32338.0,33,0.719,0,south,unemployed,-0.312,1
788,34085.0,56,0.129,2,south,unemployed,0.292,0
789,18492.0,44,0.064,1,east,employed,-0.002,0
790,,26,0.374,3,north,employed,-1.126,1
791,48163.0,34,0.618,1,south,,1.605,0
792,47131.0,57,0.613,0,north,employed,-0.658,1
793,34367.0,40,0.452,0,south,unemployed,-1.053,1
794,56115.0,43,0.349,3,south,employed,0.441,0
795,58789.0,27,0.501,1,east,employed,-0.449,0
796,64862.0,59,0.508,0,north,unemployed,-0.607,0
797,33355.0,46,1.131,0,north,employed,-0.756,0
798,43247.0,47,0.534,2,south,employed,0.071,0
799,29900.0,65,0.403,3,west,employed,-0.871,0
800,30901.0,26,0.379,2,north,employed,0.951,0
801,59322.0,41,0.252,1,south,self-employed,-0.201,0
802,37304.0,43,0.518,1,south,employed,-0.351,0
803,33629.0,58,0.372,0,west,self-employed,0.453,0
804,49100.0,27,0.189,2,north,employed,1.008,0
805,50653.0,21,0.302,1,south,employed,0.172,1
806,24906.0,59,0.657,2,north,unemployed,0.018,1
807,26269.0,50,0.723,2,north,employed,0.106,1
808,51852.0,43,0.142,1,west,employed,-0.494,0
809,47242.0,33,0.208,1,east,employed,1.746,0
810,32702.0,65,0.253,0,east,,-1.137,0
811,66034.0,65,0.349,0,east,employed,-2.469,0
812,34560.0,28,0.236,1,north,employed,1.515,0
813,13826.0,33,0.553,0,east,,1.323,1
814,24393.0,39,0.781,5,south,employed,-0.657,0
815,17372.0,52,0.399,4,south,employed,2.414,0
816,64396.0,28,0.597,1,south,employed,1.229,0
817,46752.0,37,0.755,2,south,self-employed,-0.877,1
818,38536.0,25,0.677,2,west,retired,-0.617,0
819,11398.0,22,0.998,3,north,employed,0.899,0
820,17350.0,30,0.669,2,north,employed,1.08,1
821,33679.0,25,0.27,2,north,,-0.056,1
822,14912.0,22,0.23,2,east,employed,0.445,0
823,58157.0,36,0.251,1,east,,0.994,0
824,34493.0,31,0.575,1,east,employed,0.145,1
825,33808.0,41,0.821,3,east,employed,1.385,0
826,35182.0,49,0.453,2,islands,employed,-0.327,0
827,22582.0,69,0.372,2,east,unemployed,0.516,0
828,21556.0,42,0.149,0,south,employed,1.11,0
829,14054.0,65,0.59,0,south,self-employed,-0.485,0
830,36744.0,22,0.061,0,west,employed,-1.319,0
831,44495.0,28,0.425,1,west,retired,1.523,0
832,32248.0,29,0.599,0,north,employed,-0.867,1
833,31531.0,59,0.322,1,north,employed,1.633,1
834,22696.0,22,0.314,1,east,unemployed,-0.604,1
835,41165.0,39,0.192,1,north,employed,-0.49,0
836,10660.0,55,0.524,2,east,unemployed,1.13,1
837,20906.0,32,0.387,2,south,unemployed,0.857,0
838,26129.0,34,0.518,2,south,employed,-1.345,1
839,,43,0.348,0,north,employed,-0.814,0
840,,61,0.546,0,east,,-0.519,0
841,32985.0,35,0.993,1,east,self-employed,0.834,0
842,39251.0,40,0.233,2,east,self-employed,1.178,1
843,67703.0,65,0.428,1,east,employed,0.12,0
844,72117.0,54,1.047,3,east,,-0.555,1
845,50202.0,37,0.388,2,east,employed,-1.445,0
846,67799.0,54,0.454,1,islands,employed,-1.462,0
847,86234.0,37,0.398,0,east,unemployed,1.601,1
848,,60,0.202,0,north,employed,-1.581,0
849,18049.0,25,0.369,1,east,self-employed,-0.044,0
850,60032.0,48,0.25,3,south,employed,-0.828,0
851,22083.0,55,0.143,2,south,,1.214,0
852,92127.0,38,0.261,1,west,self-employed,-0.994,0
853,86036.0,43,0.062,1,north,employed,-0.767,0
854,28026.0,24,0.194,1,west,employed,-0.649,0
855,20955.0,29,0.296,0,south,employed,-1.218,0
856,25737.0,23,0.746,3,north,self-employed,1.208,0
857,35153.0,63,0.248,1,south,employed,-1.4,0
858,68915.0,45,0.055,1,south,employed,-1.075,0
859,19580.0,28,0.384,0,south,employed,-0.529,0
860,56441.0,62,0.775,1,south,self-employed,-0.845,1
861,12902.0,38,0.881,2,east,employed,-0.991,0
862,66626.0,33,0.67,0,north,employed,0.785,0
863,35208.0,62,0.08,2,north,employed,0.253,0
864,40130.0,62,0.236,3,west,self-employed,-0.881,0
865,34439.0,67,0.087,1,west,employed,-1.063,0
866,57981.0,38,0.182,1,north,employed,1.171,0
867,43724.0,57,0.842,1,north,employed,-0.003,0
868,84454.0,68,0.32,2,south,employed,0.437,0
869,14941.0,49,0.12,1,north,unemployed,0.025,0
870,23097.0,62,0.299,1,east,employed,0.268,1
871,18527.0,64,0.173,0,south,employed,-1.342,0
872,,25,0.325,3,east,employed,-0.946,0
873,15618.0,62,0.399,1,north,retired,-1.026,0
874,,53,0.497,3,south,self-employed,0.738,1
875,38022.0,52,0.551,1,north,self-employed,-0.474,0
876,66900.0,65,0.496,0,north,unemployed,-0.617,0
877,22400.0,68,0.205,1,north,retired,-0.726,0
878,40061.0,36,0.955,0,south,employed,0.028,0
879,49619.0,39,0.166,0,north,employed,-0.234,0
880,25510.0,46,0.455,0,north,employed,-0.214,0
881,32407.0,23,0.813,0,south,employed,0.245,1
882,79117.0,60,0.429,2,south,employed,-0.63,0
883,68405.0,24,0.303,0,west,employed,2.149,0
884,48508.0,48,0.124,0,south,employed,1.457,0
885,97312.0,67,0.572,2,south,employed,-1.409,0
886,13727.0,59,0.248,0,north,retired,-0.435,0
887,42008.0,42,0.435,1,north,unemployed,0.211,0
888,30011.0,27,0.232,2,east,self-employed,-0.044,1
889,74004.0,35,0.431,3,south,employed,0.12,1
890,63255.0,66,0.497,1,east,self-employed,1.315,0
891,65168.0,34,0.201,1,west,self-employed,1.01,0
892,26945.0,27,0.208,0,east,,1.142,1
893,,51,1.036,0,west,self-employed,0.695,0
894,62325.0,36,0.306,2,east,retired,-0.519,1
895,69471.0,26,0.756,2,north,unemployed,-0.473,0
896,22852.0,54,0.339,0,north,employed,0.615,0
897,25806.0,53,0.549,2,east,employed,0.752,0
898,41052.0,37,0.248,3,south,retired,0.714,0
899,72943.0,49,0.232,1,north,employed,1.629,0
900,49521.0,66,0.723,2,south,employed,0.18,0
901,72251.0,37,0.399,0,north,retired,-0.302,0
902,13681.0,36,0.119,0,east,unemployed,0.006,0
903,31703.0,61,0.643,1,east,self-employed,0.5,0
904,46603.0,34,0.338,1,north,self-employed,-1.783,1
905,41556.0,47,0.427,1,north,employed,0.906,0
906,14106.0,60,0.036,0,east,employed,-0.167,0
907,62972.0,46,0.093,0,north,unemployed,-1.584,0
908,43160.0,54,0.688,0,south,employed,-1.13,0
909,28760.0,56,0.382,1,west,self-employed,2.08,0
910,66097.0,35,0.427,3,north,employed,-1.133,0
911,15296.0,36,0.34,0,east,retired,1.357,0
912,28123.0,24,0.416,0,north,self-employed,0.844,1
913,56501.0,37,0.613,0,east,employed,-0.299,1
914,43827.0,41,0.233,0,north,self-employed,-0.345,0
915,32457.0,29,0.202,1,east,employed,-0.354,0
916,33628.0,38,0.589,0,east,self-employed,0.413,0
917,32313.0,67,0.14,0,east,employed,-0.607,0
918,,64,0.348,3,south,self-employed,-1.114,0
919,31190.0,49,0.363,0,north,self-employed,-0.503,0
920,50968.0,65,0.567,2,east,self-employed,-0.796,0
921,12791.0,36,0.156,0,east,employed,1.336,1
922,67152.0,47,0.345,0,south,employed,-0.503,0
923,123103.0,53,0.094,4,east,self-employed,0.459,0
924,46622.0,68,0.128,0,south,employed,-0.495,0
925,34778.0,39,0.581,0,east,employed,2.627,0
926,27791.0,36,0.453,1,south,employed,0.579,0
927,51528.0,45,0.22,1,north,unemployed,2.07,0
928,26237.0,51,0.572,1,north,employed,-0.841,1
929,24116.0,39,0.192,0,west,self-employed,1.09,0
930,,35,0.593,1,south,employed,1.118,0
931,40999.0,26,0.548,2,east,employed,-0.627,0
932,31401.0,23,0.688,1,east,employed,0.523,0
933,32274.0,25,0.747,0,north,employed,-1.199,1
934,36274.0,25,0.137,1,north,unemployed,-0.319,0
935,25487.0,40,0.773,4,south,employed,-0.735,1
936,,21,0.204,4,north,employed,0.207,1
937,21164.0,60,0.285,1,south,employed,0.585,0
938,34280.0,25,0.042,1,north,employed,0.581,0
939,31549.0,69,0.628,0,east,employed,0.134,0
940,15458.0,69,0.252,0,south,self-employed,-0.156,1
941,19811.0,67,0.219,0,east,employed,1.2,1
942,27004.0,25,0.622,2,east,,0.826,0
943,27413.0,26,0.635,0,south,employed,-0.673,0
944,41341.0,63,0.186,1,east,employed,-0.3,0
945,29658.0,66,0.123,2,south,employed,0.504,0
946,35398.0,65,0.617,2,south,employed,2.047,0
947,29602.0,66,0.198,1,west,employed,0.224,0
948,9946.0,46,0.127,1,north,employed,0.313,0
949,34143.0,36,0.852,2,south,unemployed,0.13,1
950,23835.0,46,0.276,1,west,unemployed,0.259,1
951,33526.0,30,0.178,1,south,employed,-0.057,0
952,24759.0,55,0.459,2,east,self-employed,-2.412,1
953,50405.0,67,0.095,1,south,self-employed,1.245,0
954,35491.0,33,0.472,2,north,retired,-0.062,0
955,,48,0.612,2,north,self-employed,0.89,0
956,53675.0,35,0.433,2,north,employed,-0.008,0
957,27356.0,39,0.376,0,north,self-employed,-0.155,0
958,54592.0,21,0.493,0,north,employed,0.811,0
959,40716.0,23,0.106,1,north,,-1.351,0
960,21397.0,29,0.583,1,south,employed,-1.119,0
961,34270.0,30,0.498,4,west,employed,-0.048,1
962,38064.0,47,0.106,2,south,employed,-0.758,0
963,,40,0.305,2,south,employed,-1.481,0
964,30507.0,36,0.474,0,north,employed,0.199,0
965,79653.0,46,0.355,0,east,self-employed,-1.262,0
966,53367.0,61,0.419,1,east,self-employed,-0.526,0
967,12618.0,32,0.218,1,north,self-employed,0.506,1
968,,60,0.237,2,north,retired,-0.608,0
969,,39,0.831,2,north,employed,1.3,1
970,17542.0,40,0.217,0,north,employed,0.77,0
971,46078.0,58,0.325,0,west,,0.566,0
972,72498.0,56,0.293,2,south,employed,-1.549,0
973,31759.0,61,0.22,0,west,unemployed,-1.163,1
974,73412.0,61,0.774,2,north,employed,1.759,0
975,70401.0,61,0.329,2,west,self-employed,0.02,0
976,35307.0,59,0.643,2,north,self-employed,-1.174,0
977,35715.0,48,0.07,2,south,unemployed,-1.563,0
978,39760.0,67,0.548,0,east,employed,-1.666,0
979,45363.0,41,0.33,2,north,employed,-0.646,0
980,16668.0,31,0.652,0,east,employed,1.633,1
981,33777.0,27,0.028,0,east,employed,-1.081,0
982,15731.0,50,0.454,3,north,retired,-0.463,1
983,30560.0,40,0.868,2,north,employed,0.316,1
984,32542.0,43,0.455,0,south,self-employed,1.05,0
985,,34,0.725,0,west,self-employed,-1.113,0
986,19307.0,21,0.932,1,north,employed,-0.277,0
987,29761.0,68,0.361,2,west,employed,1.11,1
988,106956.0,56,0.331,2,north,employed,0.219,0
989,18154.0,30,0.304,1,south,employed,-1.298,0
990,38649.0,25,0.327,1,south,unemployed,-1.22,1
991,23231.0,26,0.581,3,east,,-0.649,1
992,30106.0,30,0.311,0,north,employed,0.15,0
993,59432.0,51,0.661,0,west,employed,-0.325,0
994,42414.0,57,0.797,1,east,retired,1.835,1
995,44931.0,33,0.635,0,east,employed,-0.244,1
996,46369.0,66,0.948,2,north,employed,0.43,0
997,48424.0,47,0.718,1,east,employed,0.398,1
998,12323.0,56,0.493,5,east,employed,0.978,0
999,,64,0.307,0,south,retired,0.324,0
1000,34803.0,64,0.463,1,south,,-1.27,1
1001,44299.0,57,0.105,0,south,self-employed,3.402,0
1002,,46,0.324,2,north,employed,0.203,0
1003,44705.0,23,0.306,0,north,employed,1.674,1
1004,51287.0,44,0.608,3,north,self-employed,-2.153,1
1005,20217.0,42,0.546,1,east,employed,0.593,0
1006,45429.0,34,0.381,1,south,self-employed,0.241,1
1007,34385.0,39,0.534,3,south,unemployed,-0.819,1
1008,34778.0,24,0.748,0,south,employed,0.157,0
1009,69569.0,54,0.14,2,west,employed,-0.327,0
1010,28443.0,29,0.578,0,north,employed,0.81,0
1011,26022.0,67,0.076,0,east,employed,-0.011,0
1012,18830.0,31,0.581,2,west,employed,-1.166,0
1013,31326.0,41,0.679,2,south,unemployed,-0.296,1
1014,62028.0,63,0.518,1,west,employed,-0.396,0
1015,15774.0,67,0.305,0,east,self-employed,0.356,0
1016,41176.0,21,0.088,1,south,self-employed,-1.347,1
1017,10236.0,57,0.377,1,south,employed,0.598,0
1018,25716.0,41,0.334,2,east,self-employed,-1.662,0
1019,45195.0,53,0.455,1,north,self-employed,-0.446,0
1020,27742.0,68,0.313,1,north,employed,-1.072,0
1021,19910.0,67,0.383,1,east,employed,0.381,0
1022,30209.0,65,0.546,1,east,employed,-0.686,0
1023,59549.0,42,0.57,0,east,employed,-0.454,0
1024,,26,0.121,0,south,employed,1.232,0
1025,77351.0,25,0.717,1,north,self-employed,-0.593,0
1026,51080.0,57,0.505,1,west,employed,0.879,0
1027,43490.0,41,0.194,2,north,self-employed,0.5,0
1028,59452.0,63,0.227,1,north,retired,-1.115,0
1029,20370.0,45,0.661,0,south,employed,0.096,1
1030,,30,0.275,2,south,self-employed,0.05,1
1031,69271.0,48,0.624,3,north,self-employed,-0.596,0
1032,55722.0,33,0.778,1,north,self-employed,1.294,1
1033,56249.0,47,0.59,0,south,employed,-0.676,1
1034,40575.0,54,0.444,1,east,employed,0.301,0
1035,24041.0,58,0.572,0,south,retired,-0.789,0
1036,21162.0,58,0.695,0,west,employed,0.998,0
1037,58048.0,59,0.447,0,north,employed,-1.837,0
1038,62406.0,63,0.797,1,north,employed,-0.411,1
1039,20739.0,46,0.401,2,west,employed,-1.496,0
1040,25090.0,40,0.533,0,south,unemployed,-0.277,0
1041,34494.0,61,0.31,1,west,employed,0.011,0
1042,56236.0,23,0.831,1,south,retired,-0.224,0
1043,30630.0,52,0.106,1,south,employed,-2.017,0
1044,23716.0,68,0.555,2,north,unemployed,2.716,1
1045,59528.0,42,0.392,2,south,employed,1.16,0
1046,48954.0,33,0.617,1,north,employed,-1.652,0
1047,25665.0,59,0.992,2,west,employed,-0.32,1
1048,26117.0,58,0.097,1,south,employed,-1.905,0
1049,63259.0,39,0.383,1,east,employed,-0.451,0
1050,19141.0,66,0.542,1,south,employed,-1.21,0
1051,,47,0.188,2,north,self-employed,-0.29,1
1052,,47,0.389,0,east,employed,0.067,0
1053,39426.0,45,0.498,1,south,employed,-0.341,0
1054,,46,0.739,1,south,employed,-1.304,0
1055,15437.0,56,0.382,0,north,employed,-1.664,0
1056,36637.0,32,0.062,1,west,retired,-0.697,0
1057,42217.0,43,1.261,3,south,self-employed,0.702,1
1058,,23,0.196,0,west,,-0.01,0
1059,48458.0,64,0.226,0,south,employed,-1.85,0
1060,20263.0,26,0.334,1,south,employed,0.445,0
1061,74800.0,44,0.252,3,south,self-employed,-0.53,0
1062,,56,0.556,1,north,employed,0.237,0
1063,,43,0.28,1,west,employed,-0.671,0
1064,27216.0,30,0.899,1,north,employed,0.231,0
1065,39750.0,25,0.255,1,south,unemployed,-0.102,0
1066,70631.0,45,0.522,2,south,self-employed,1.083,0
1067,36041.0,23,0.716,1,west,employed,-0.031,0
1068,40042.0,46,0.428,1,north,employed,-0.632,0
1069,42547.0,36,0.463,4,north,employed,0.199,0
1070,16050.0,66,0.725,0,west,self-employed,1.836,0
1071,33314.0,36,0.25,0,east,employed,0.871,0
1072,51355.0,47,0.122,1,south,employed,-0.573,0
1073,28445.0,52,0.696,4,south,employed,0.163,1
1074,35558.0,51,0.86,1,north,employed,-1.209,0
1075,35726.0,34,0.054,0,west,retired,-0.931,0
1076,16482.0,60,0.303,1,north,employed,-0.53,0
1077,54293.0,28,0.169,1,north,employed,0.408,0
1078,18453.0,35,0.576,3,south,employed,0.708,1
1079,44861.0,35,0.803,0,south,employed,1.294,0
1080,33969.0,54,0.093,1,east,self-employed,-0.878,1
1081,30621.0,43,0.294,4,north,unemployed,0.721,1
1082,37549.0,25,0.254,2,north,employed,0.066,0
1083,52936.0,57,0.697,4,south,employed,-0.485,0
1084,54542.0,24,0.28,1,north,employed,-0.638,0
1085,29285.0,31,0.385,0,east,employed,-0.063,0
1086,33449.0,68,0.523,1,north,employed,1.063,1
1087,23630.0,69,0.042,2,south,self-employed,1.543,0
1088,17488.0,36,0.74,2,east,self-employed,-0.921,0
1089,58423.0,37,0.799,1,south,self-employed,0.221,0
1090,20981.0,43,0.325,0,west,employed,-0.342,1
1091,25143.0,56,0.46,1,west,employed,-0.553,0
1092,43901.0,28,0.795,1,west,,-0.527,1
1093,,60,0.423,2,south,,1.588,1
1094,46168.0,35,0.316,0,east,employed,1.198,0
1095,23816.0,65,0.71,0,north,employed,-0.709,0
1096,20574.0,65,0.676,3,east,self-employed,-1.463,1
1097,27165.0,21,0.883,0,north,employed,-1.329,1
1098,23729.0,66,0.563,1,west,retired,-1.034,1
1099,40865.0,24,0.599,3,north,employed,-1.378,0
1100,73797.0,51,0.186,0,islands,,0.679,1
1101,50870.0,64,0.123,3,west,retired,0.062,0
1102,45820.0,30,0.233,5,east,employed,0.606,1
1103,26698.0,21,0.664,2,west,employed,0.31,1
1104,32191.0,67,0.478,2,south,unemployed,-0.405,0
1105,38032.0,40,0.037,2,south,employed,-0.162,0
1106,,59,0.253,1,west,employed,0.072,0
1107,38650.0,45,0.662,2,west,unemployed,-0.101,1
1108,19714.0,25,0.44,1,north,employed,0.448,0
1109,,43,0.206,2,north,self-employed,-2.06,0
1110,18299.0,54,0.12,2,east,employed,-0.19,0
1111,33108.0,32,0.312,2,west,unemployed,0.449,1
1112,53812.0,41,0.434,2,west,employed,-0.736,0
1113,24492.0,45,0.384,1,east,employed,-1.876,0
1114,60082.0,22,0.525,2,east,employed,0.174,0
1115,17539.0,48,0.487,0,south,employed,0.029,0
1116,24475.0,33,0.873,1,south,unemployed,0.793,1
1117,10948.0,67,0.251,2,north,employed,0.701,1
1118,59430.0,47,0.362,2,south,employed,-1.843,1
1119,19498.0,50,0.569,2,south,retired,-1.081,0
1120,25034.0,49,0.411,0,north,employed,-0.668,0
1121,51845.0,57,0.641,0,west,employed,1.6,0
1122,41945.0,68,0.048,1,south,employed,0.321,0
1123,60082.0,44,0.963,1,west,employed,-0.983,0
1124,48753.0,43,0.345,2,south,employed,-0.25,0
1125,55048.0,57,0.178,2,north,retired,1.684,0
1126,27714.0,37,0.773,1,south,self-employed,0.348,1
1127,33752.0,36,0.145,2,east,employed,0.81,1
1128,50957.0,64,0.309,0,east,employed,-0.76,0
1129,51297.0,69,0.172,0,east,unemployed,-1.046,0
1130,56493.0,46,0.623,1,east,self-employed,-0.512,0
1131,24005.0,62,0.137,1,east,employed,-0.487,1
1132,20348.0,47,0.157,3,west,employed,-0.222,1
1133,18795.0,53,0.525,0,north,self-employed,1.294,0
1134,27778.0,30,0.308,1,north,employed,0.565,0
1135,33458.0,22,0.516,2,south,employed,1.097,0
1136,19379.0,59,0.702,2,east,self-employed,1.299,1
1137,32097.0,47,0.779,0,north,employed,0.802,0
1138,48250.0,59,0.751,0,south,employed,1.039,0
1139,57692.0,49,0.376,2,west,self-employed,-0.971,0
1140,26233.0,48,0.168,0,south,employed,-0.033,0
1141,46737.0,22,0.876,1,south,employed,0.198,1
1142,18586.0,39,0.804,0,south,employed,-0.388,0
1143,25293.0,65,0.324,3,south,employed,3.198,0
1144,37107.0,49,0.347,2,south,employed,1.746,1
1145,25475.0,58,0.215,0,west,,-0.01,1
1146,23836.0,61,0.595,1,south,employed,0.008,0
1147,40230.0,47,0.152,1,east,employed,0.094,0
1148,21432.0,54,0.409,2,east,self-employed,-0.793,0
1149,37181.0,64,0.769,1,north,employed,0.254,0
1150,33339.0,64,0.128,1,east,unemployed,-0.603,0
1151,45353.0,27,0.236,1,west,employed,-0.897,1
1152,51285.0,42,0.46,3,north,self-employed,-0.606,0
1153,37583.0,67,0.573,1,south,employed,-1.614,0
1154,27422.0,52,0.247,2,south,retired,-0.713,0
1155,58178.0,29,0.157,0,north,employed,-0.886,0
1156,38777.0,49,0.358,2,south,self-employed,-1.527,0
1157,22630.0,22,0.808,0,south,retired,2.268,1
1158,38300.0,53,0.102,2,north,unemployed,0.001,0
1159,25864.0,29,0.705,3,north,unemployed,2.835,1
1160,9940.0,45,0.585,2,north,employed,-0.881,1
1161,21748.0,52,0.057,2,south,self-employed,1.286,0
1162,29064.0,48,0.239,2,south,employed,0.42,1
1163,27937.0,51,0.461,1,west,self-employed,-0.288,0
1164,16278.0,41,1.001,3,south,self-employed,0.52,1
1165,29489.0,25,0.234,3,south,employed,-2.385,0
1166,43476.0,47,0.604,1,east,employed,0.993,0
1167,19863.0,25,0.173,1,north,employed,1.004,0
1168,39929.0,34,0.331,0,north,employed,1.162,0
1169,12749.0,56,0.771,1,west,employed,0.477,1
1170,45208.0,65,0.75,1,south,self-employed,0.977,0
1171,26455.0,38,0.176,0,south,unemployed,0.127,1
1172,,37,0.489,1,west,employed,-0.34,1
1173,61102.0,43,0.524,2,south,employed,1.369,0
1174,44281.0,63,0.637,1,north,employed,-1.087,0
1175,56400.0,67,0.63,4,east,employed,-0.542,0
1176,40964.0,61,0.292,1,north,employed,-0.156,0
1177,41719.0,48,0.136,1,east,employed,1.089,0
1178,28952.0,55,0.671,1,south,employed,-0.845,0
1179,43301.0,22,0.826,1,east,unemployed,1.048,1
1180,33626.0,51,0.259,0,west,employed,2.258,0
1181,25481.0,22,0.288,3,west,employed,-0.211,0
1182,,60,0.493,2,north,employed,-0.012,1
1183,18545.0,60,0.496,2,north,employed,0.318,0
1184,34593.0,57,0.797,1,south,retired,0.615,1
1185,43637.0,32,0.125,2,west,employed,0.246,0
1186,37279.0,47,0.323,0,south,unemployed,-0.151,0
1187,46489.0,51,0.19,0,north,employed,0.768,0
1188,30006.0,22,0.389,0,south,self-employed,-0.204,0
1189,35609.0,46,0.502,2,south,self-employed,-0.488,0
1190,35525.0,43,0.258,4,south,employed,-1.941,0
1191,91537.0,34,0.431,2,west,unemployed,0.63,0
1192,18328.0,37,0.868,2,south,employed,-0.673,0
1193,95667.0,49,0.056,0,north,employed,-0.331,0
1194,24379.0,68,0.064,2,east,retired,-0.237,1
1195,29650.0,35,0.607,1,west,employed,1.3,1
1196,40233.0,38,0.642,0,north,retired,1.513,0
1197,46751.0,23,0.746,3,east,employed,-0.095,0
1198,34585.0,53,0.451,1,east,employed,0.561,0
1199,39145.0,45,0.363,5,south,employed,0.25,0
1200,70023.0,33,0.355,1,north,employed,-1.979,0
1201,127541.0,65,0.269,1,north,,0.696,0
1202,43012.0,68,0.073,1,north,employed,1.138,0
1203,49598.0,63,0.12,0,south,employed,-0.227,0
1204,33426.0,68,0.369,2,east,employed,0.649,1
1205,79989.0,34,0.864,3,east,employed,-1.565,0
1206,33203.0,48,0.536,1,west,unemployed,-1.226,0
1207,45208.0,62,0.21,1,west,self-employed,-1.714,0
1208,20934.0,69,0.686,2,south,employed,1.221,1
1209,9406.0,37,0.786,0,east,employed,0.914,1
1210,108224.0,40,0.724,1,south,,1.538,0
1211,59657.0,57,0.198,3,west,unemployed,0.016,1
1212,55386.0,22,0.17,0,south,retired,0.058,0
1213,22179.0,36,0.639,1,west,employed,0.587,1
1214,15698.0,66,0.172,1,west,employed,0.295,0
1215,31281.0,28,0.287,0,south,employed,-0.915,0
1216,37301.0,33,0.241,1,north,employed,0.924,0
1217,50302.0,69,0.223,3,south,retired,-0.96,0
1218,35397.0,48,0.856,0,north,self-employed,-0.578,0
1219,66351.0,49,0.536,5,west,employed,-0.474,1
1220,41809.0,66,0.409,2,south,employed,1.41,1
1221,41041.0,50,0.134,2,east,self-employed,2.072,1
1222,62592.0,32,0.242,0,south,employed,-1.725,0
1223,25310.0,56,0.577,1,north,self-employed,0.126,0
1224,42609.0,47,0.189,1,south,self-employed,-0.856,0
1225,26763.0,51,0.623,0,north,employed,0.321,0
1226,25224.0,47,0.421,0,north,employed,-0.955,0
1227,74440.0,36,0.272,2,south,employed,-0.4,1
1228,60491.0,47,0.406,0,west,employed,0.962,0
1229,45936.0,69,0.381,2,west,employed,-0.986,0
1230,67342.0,51,0.647,5,north,employed,-1.723,0
1231,42449.0,55,1.06,2,south,employed,0.207,1
1232,68859.0,41,0.051,3,south,employed,-0.209,0
1233,23213.0,25,0.411,2,south,retired,-0.024,0
1234,32825.0,43,0.305,3,east,employed,-0.147,1
1235,42656.0,27,0.224,1,west,self-employed,0.478,0
1236,21463.0,54,0.487,0,east,unemployed,1.382,1
1237,25333.0,67,0.232,0,east,employed,-0.639,0
1238,19126.0,67,0.972,1,north,self-employed,1.026,1
1239,49391.0,50,0.624,2,south,employed,-0.63,1
1240,28109.0,66,0.343,1,south,unemployed,1.067,0
1241,40381.0,38,0.214,1,east,employed,-1.821,0
1242,45811.0,38,0.442,1,north,,-1.34,0
1243,32710.0,54,0.15,1,west,employed,0.32,0
1244,35775.0,35,0.63,2,west,employed,-1.182,0
1245,37856.0,55,0.259,2,south,retired,0.979,0
1246,43643.0,45,0.293,0,north,retired,-0.055,0
1247,68630.0,52,0.6,0,west,employed,-0.937,0
1248,20569.0,60,0.3,0,west,employed,1.071,1
1249,36990.0,25,0.409,1,south,self-employed,-0.249,1
1250,19584.0,57,0.194,2,west,self-employed,0.809,0
1251,72295.0,61,0.502,2,south,employed,-0.946,0
1252,14348.0,27,0.572,1,east,employed,-1.049,1
1253,38418.0,62,0.773,0,west,employed,-0.245,1
1254,28817.0,67,0.681,2,north,unemployed,0.115,1
1255,26659.0,47,0.785,1,south,unemployed,-0.087,0
1256,50311.0,42,0.248,1,south,,0.913,0
1257,45968.0,65,0.364,1,north,employed,1.047,0
1258,,34,0.681,2,south,employed,-1.145,0
1259,44441.0,67,0.349,2,north,self-employed,0.308,1
1260,,50,0.69,3,west,,0.878,1
1261,24492.0,63,0.757,0,south,employed,0.938,0
1262,,39,0.026,1,north,self-employed,-0.451,0
1263,52207.0,35,0.589,0,east,employed,0.865,0
1264,49782.0,57,0.653,6,east,employed,-0.809,1
1265,45607.0,51,0.643,0,west,employed,0.861,0
1266,27244.0,58,0.284,1,west,employed,-0.676,0
1267,64143.0,42,0.986,1,south,employed,0.037,0
1268,192291.0,63,0.718,1,east,retired,-0.633,0
1269,38179.0,58,0.336,0,west,employed,-0.536,1
1270,45802.0,60,0.353,0,north,employed,-1.184,0
1271,23558.0,43,0.221,0,west,employed,0.935,0
1272,23659.0,69,0.363,2,east,retired,-1.05,0
1273,83710.0,21,0.83,1,west,employed,-0.844,0
1274,107956.0,32,0.766,1,east,employed,-0.234,0
1275,31118.0,42,0.648,2,east,,1.185,1
1276,25421.0,48,0.295,4,east,employed,0.698,0
1277,22277.0,29,0.707,1,south,employed,-0.877,0
1278,25962.0,42,0.58,0,north,employed,2.055,1
1279,36002.0,66,0.47,1,east,self-employed,0.058,0
1280,18917.0,60,0.137,2,east,employed,1.358,0
1281,24663.0,23,0.165,3,north,employed,1.89,1
1282,55911.0,55,0.064,0,north,employed,0.03,0
1283,32182.0,29,0.208,2,south,employed,-0.978,0
1284,23721.0,44,0.339,1,east,employed,-1.488,0
1285,19511.0,34,0.312,0,east,employed,-2.423,0
1286,59260.0,56,0.383,0,south,employed,2.378,0
1287,20739.0,43,0.631,2,north,unemployed,-1.671,1
1288,32460.0,44,0.319,1,east,,0.766,0
1289,57207.0,49,0.545,0,south,employed,0.254,0
1290,45509.0,66,0.794,4,north,employed,-0.294,1
1291,40238.0,52,0.998,0,east,employed,-1.718,0
1292,40430.0,43,0.68,0,north,employed,0.382,0
1293,,59,0.977,0,south,retired,1.168,0
1294,24357.0,37,0.379,2,west,unemployed,-2.636,1
1295,27651.0,22,0.861,1,south,unemployed,0.762,0
1296,8372.0,45,0.386,2,west,unemployed,-1.227,1
1297,28325.0,43,0.41,3,west,retired,0.705,1
1298,33148.0,42,0.411,1,north,employed,-0.399,0
1299,33424.0,49,0.111,1,south,employed,1.321,0
1300,32766.0,44,0.762,0,south,employed,1.763,1
1301,38556.0,33,0.748,0,south,employed,1.84,1
1302,39839.0,56,0.042,0,west,self-employed,0.214,0
1303,,67,0.831,1,north,employed,0.078,0
1304,37657.0,42,0.404,0,west,retired,-0.104,0
1305,53302.0,27,0.222,0,north,employed,-1.694,0
1306,25970.0,45,0.429,2,north,self-employed,0.948,0
1307,41061.0,69,0.383,1,west,employed,-2.219,0
1308,40368.0,24,0.663,2,north,employed,-0.415,0
1309,31215.0,33,0.697,1,east,employed,-0.548,0
1310,14950.0,58,0.313,0,south,employed,-0.866,0
1311,17923.0,34,0.523,3,east,employed,2.614,1
1312,43780.0,68,0.158,1,north,self-employed,-0.902,0
1313,34142.0,49,0.324,3,north,employed,3.126,0
1314,,55,0.24,0,north,employed,-0.499,0
1315,25012.0,64,0.927,0,north,self-employed,1.027,0
1316,36683.0,63,0.682,2,north,employed,-0.739,0
1317,46670.0,64,0.362,1,south,employed,0.185,0
1318,88676.0,36,0.549,0,east,employed,-0.788,1
1319,34936.0,39,0.295,2,south,employed,-0.984,1
1320,,65,0.473,1,west,employed,-0.426,0
1321,40361.0,41,0.376,1,east,employed,2.256,0
1322,63029.0,25,0.234,1,west,unemployed,-1.391,0
1323,111458.0,40,0.443,1,south,self-employed,2.393,0
1324,,69,0.497,1,south,self-employed,-0.575,0
1325,17275.0,30,0.27,0,north,retired,-1.696,0
1326,35854.0,65,0.239,2,west,employed,0.211,0
1327,20120.0,41,0.205,1,south,employed,0.049,0
1328,21933.0,69,0.048,1,north,employed,0.567,0
1329,87437.0,25,0.077,0,north,employed,0.838,0
1330,29850.0,38,0.618,2,east,employed,-0.091,1
1331,,26,0.471,0,south,employed,1.864,0
1332,70442.0,22,0.743,2,north,employed,1.754,0
1333,37005.0,51,0.435,1,north,self-employed,-0.061,0
1334,,59,0.766,2,east,self-employed,-1.332,1
1335,36731.0,49,0.482,2,south,retired,0.245,1
1336,17785.0,27,0.508,1,west,employed,0.894,0
1337,23255.0,38,0.372,2,north,retired,1.381,1
1338,,57,0.193,2,south,employed,-0.474,0
1339,10023.0,30,0.736,0,north,employed,0.567,0
1340,51089.0,39,0.743,0,south,employed,-1.561,1
1341,40619.0,64,0.695,1,north,employed,0.664,0
1342,54466.0,28,0.559,3,north,self-employed,0.38,0
1343,29478.0,22,0.968,0,south,employed,-0.363,0
1344,44249.0,36,0.421,2,south,self-employed,-0.599,0
1345,21911.0,56,0.287,2,south,self-employed,0.827,0
1346,22637.0,25,0.312,0,north,employed,-0.29,0
1347,37792.0,35,0.057,2,west,employed,0.689,0
1348,36401.0,45,0.575,0,north,unemployed,0.645,0
1349,35754.0,44,0.306,2,east,employed,-0.725,0
1350,70519.0,34,0.405,2,south,unemployed,-0.681,1
1351,31349.0,60,0.327,1,south,employed,-0.978,1
1352,44986.0,33,0.434,0,east,employed,0.527,0
1353,42690.0,68,0.491,1,west,employed,0.295,0
1354,38912.0,21,0.366,2,south,employed,-1.051,0
1355,44184.0,59,0.288,1,south,employed,0.311,0
1356,15144.0,58,1.127,1,east,retired,-0.215,1
1357,27273.0,23,0.643,0,east,self-employed,-1.086,0
1358,62388.0,59,0.595,0,east,,0.421,0
1359,31070.0,49,0.126,3,east,employed,0.062,0
1360,50973.0,48,0.617,2,north,,-0.714,0
1361,45531.0,56,0.091,0,south,employed,1.509,0
1362,7868.0,49,0.019,1,east,self-employed,-1.63,0
1363,18699.0,55,0.187,2,north,employed,0.906,1
1364,25802.0,57,0.076,4,south,employed,-1.335,1
1365,25603.0,30,0.323,1,north,employed,-0.908,0
1366,28746.0,68,0.302,0,west,retired,-0.162,0
1367,28987.0,29,0.33,2,north,,1.0,1
1368,23939.0,61,0.03,1,south,unemployed,-0.451,1
1369,25777.0,59,0.683,1,north,employed,1.739,0
1370,,48,0.323,0,north,self-employed,-0.451,0
1371,94666.0,38,0.197,1,west,self-employed,-0.609,0
1372,71922.0,67,0.756,1,north,self-employed,-0.296,0
1373,55599.0,37,0.394,0,west,employed,0.993,0
1374,34424.0,53,0.554,2,north,employed,-0.695,0
1375,22763.0,58,0.106,2,north,self-employed,0.754,0
1376,121231.0,38,0.277,1,north,employed,-2.501,0
1377,22396.0,50,0.334,1,east,employed,0.776,0
1378,73304.0,55,0.356,2,north,,-0.009,1
1379,41841.0,48,0.339,0,north,employed,-0.853,1
1380,22728.0,55,0.6,1,south,employed,-0.69,1
1381,23828.0,53,0.236,0,north,employed,0.295,0
1382,29038.0,68,0.35,2,west,employed,0.333,1
1383,26216.0,21,0.232,2,west,employed,-1.318,0
1384,17663.0,46,0.267,1,south,unemployed,1.261,1
1385,,51,0.445,0,south,employed,-0.443,0
1386,22627.0,43,0.057,2,south,self-employed,-2.198,0
1387,52432.0,29,0.187,3,east,self-employed,0.813,0
1388,32748.0,21,0.107,3,south,unemployed,-1.024,0
1389,38443.0,47,0.584,1,south,retired,0.107,0
1390,37934.0,47,0.023,0,north,self-employed,0.562,0
1391,29489.0,40,0.639,2,east,employed,-1.682,1
1392,,34,0.631,1,south,employed,-1.365,0
1393,39027.0,65,0.631,1,south,employed,1.832,1
1394,113594.0,59,0.219,1,south,employed,1.539,0
1395,18815.0,39,0.417,1,north,unemployed,0.437,0
1396,25173.0,65,0.265,0,north,employed,1.014,0
1397,29458.0,30,0.224,4,south,,-0.844,0
1398,19040.0,64,0.39,1,south,employed,-1.98,0
1399,18324.0,34,0.388,1,north,employed,0.297,0
1400,16401.0,25,0.2,1,south,employed,-0.618,0
1401,34471.0,30,0.053,0,west,unemployed,0.884,0
1402,27118.0,51,0.582,1,west,self-employed,0.426,0
1403,38516.0,23,0.216,2,south,self-employed,-0.811,1
1404,17324.0,53,0.231,1,north,employed,-0.947,0
1405,22638.0,41,0.426,0,south,employed,1.013,0
1406,55734.0,33,0.139,1,north,self-employed,0.949,1
1407,51413.0,40,0.042,1,east,employed,-0.832,0
1408,16185.0,46,1.089,1,east,employed,0.487,0
1409,53308.0,58,0.754,1,south,unemployed,1.023,1
1410,26788.0,50,0.427,1,south,employed,-1.331,0
1411,20240.0,47,0.663,1,north,employed,-3.286,0
1412,50626.0,34,0.281,1,east,employed,-1.525,0
1413,55119.0,57,0.245,0,east,retired,-0.12,0
1414,10110.0,41,0.339,0,north,employed,-1.14,1
1415,54039.0,44,0.258,1,north,employed,-1.49,0
1416,27285.0,62,0.168,1,south,employed,0.369,0
1417,26900.0,32,0.797,0,east,employed,0.52,1
1418,28962.0,30,0.457,4,east,employed,-0.053,0
1419,59484.0,27,0.279,1,north,self-employed,0.28,0
1420,65184.0,69,0.193,0,north,employed,-0.155,0
1421,40981.0,52,0.714,0,east,employed,0.888,0
1422,51025.0,52,0.098,0,south,self-employed,-0.677,0
1423,99902.0,28,0.21,1,north,employed,-1.462,0
1424,34079.0,69,0.79,0,east,self-employed,0.024,1
1425,20723.0,58,0.212,1,west,employed,-1.826,0
1426,44657.0,47,0.703,1,south,employed,-1.81,0
1427,,41,0.574,1,south,self-employed,1.25,0
1428,31783.0,58,0.159,1,west,employed,0.714,0
1429,31261.0,42,0.957,2,north,employed,-0.581,1
1430,100510.0,61,0.442,0,west,employed,-0.383,0
1431,30280.0,41,0.561,2,west,employed,0.027,1
1432,22057.0,35,0.41,1,east,employed,-0.519,0
1433,9024.0,27,0.535,2,east,unemployed,-0.113,1
1434,51904.0,65,0.474,0,south,unemployed,0.79,1
1435,65146.0,62,0.556,1,west,self-employed,0.348,0
1436,19249.0,26,0.823,1,north,employed,-0.19,1
1437,46201.0,29,0.186,1,south,self-employed,0.997,0
1438,29190.0,58,0.109,2,north,,-0.65,0
1439,35757.0,38,0.232,0,south,self-employed,0.608,1
1440,,45,0.304,2,west,self-employed,-0.928,1
1441,34461.0,37,0.223,1,south,unemployed,0.588,1
1442,53415.0,67,0.288,0,north,employed,0.571,0
1443,26908.0,62,0.492,3,north,employed,-1.845,1
1444,,46,0.791,2,south,unemployed,-0.572,1
1445,20994.0,57,0.635,0,east,employed,0.02,0
1446,60941.0,57,0.12,0,south,employed,-0.927,0
1447,22925.0,41,0.326,1,south,retired,1.056,0
1448,47430.0,38,0.156,0,east,retired,1.152,0
1449,18686.0,29,0.185,3,east,employed,-0.484,1
1450,,37,0.645,2,north,employed,-0.635,0
1451,26283.0,27,0.246,3,south,unemployed,-1.417,1
1452,39101.0,55,0.468,1,east,self-employed,1.223,0
1453,59744.0,48,0.727,3,north,self-employed,-0.663,0
1454,51751.0,32,0.282,1,south,employed,-0.481,0
1455,40851.0,64,0.951,0,north,employed,-0.383,1
1456,10038.0,35,0.119,2,south,self-employed,-0.379,1
1457,44249.0,21,0.167,1,south,employed,-0.634,0
1458,,47,0.245,4,east,employed,-1.455,0
1459,24582.0,59,0.595,2,north,employed,-0.338,0
1460,84924.0,58,0.263,0,south,self-employed,0.911,0
1461,57429.0,43,0.439,3,north,employed,1.142,0
1462,20353.0,52,0.471,1,north,employed,0.25,0
1463,29347.0,30,0.206,1,south,retired,0.262,0
1464,51674.0,30,0.166,1,south,self-employed,-0.613,1
1465,32448.0,32,0.5,1,north,,0.093,0
1466,31367.0,65,0.307,0,east,employed,-0.357,0
1467,19967.0,23,0.619,0,east,employed,0.254,0
1468,45697.0,42,0.116,4,south,self-employed,0.838,0
1469,48843.0,31,0.119,2,west,employed,0.588,0
1470,23505.0,27,0.366,0,east,self-employed,-0.161,0
1471,12731.0,56,0.157,0,north,retired,-1.079,0
1472,86218.0,57,0.49,2,west,employed,0.831,0
1473,24693.0,41,0.083,2,north,employed,-0.776,0
1474,43150.0,58,0.33,1,north,employed,-0.249,0
1475,22895.0,43,0.435,0,north,employed,-0.056,0
1476,24194.0,23,0.318,1,north,employed,1.251,0
1477,56543.0,42,0.274,1,north,employed,-0.763,0
1478,29973.0,60,0.187,0,east,employed,-1.023,0
1479,51590.0,34,0.52,1,west,employed,-0.539,1
1480,52212.0,42,0.649,4,east,self-employed,-0.378,1
1481,,67,0.304,1,east,employed,0.911,0
1482,40701.0,36,0.481,1,north,unemployed,1.664,1
1483,51730.0,45,0.71,0,south,unemployed,-0.128,1
1484,65357.0,52,0.133,1,east,employed,-1.627,0
1485,30810.0,28,0.236,1,south,employed,0.347,0
1486,35391.0,45,0.805,3,north,self-employed,-0.027,1
1487,22061.0,45,0.666,2,north,employed,0.194,0
1488,52061.0,55,0.557,1,west,employed,-0.75,0
1489,37091.0,53,0.463,2,south,employed,0.084,1
1490,18155.0,68,0.137,0,south,employed,-0.191,1
1491,29657.0,69,0.379,0,east,employed,1.119,0
1492,33355.0,29,0.182,3,west,retired,-0.193,0
1493,26344.0,59,0.948,1,south,employed,-0.243,1
1494,,34,0.458,1,east,unemployed,0.225,1
1495,15660.0,61,0.188,1,east,,-1.918,0
1496,37148.0,57,0.215,1,north,employed,-0.31,0
1497,28646.0,66,0.315,0,north,employed,0.25,0
1498,55896.0,56,0.335,1,south,employed,-1.505,0
1499,33630.0,29,0.473,1,north,employed,-1.204,0
1500,53788.0,27,0.814,2,east,employed,0.121,0
1501,19553.0,61,0.732,1,south,employed,0.456,0
1502,42781.0,36,0.116,1,south,employed,-0.841,1
1503,50936.0,58,0.336,0,south,self-employed,0.945,0
1504,51351.0,49,0.499,0,south,employed,-1.32,0
1505,30941.0,68,0.541,3,south,employed,0.338,0
1506,,65,0.306,1,north,employed,1.281,0
1507,81605.0,47,0.643,0,south,employed,-0.238,0
1508,32295.0,59,0.595,0,south,self-employed,-1.816,0
1509,19656.0,25,0.138,2,south,retired,0.313,1
1510,32083.0,68,1.211,2,north,employed,-1.407,1
1511,42014.0,35,0.902,1,north,employed,-0.244,1
1512,25036.0,43,0.414,1,west,employed,0.168,0
1513,43839.0,62,0.537,2,south,employed,0.021,0
1514,55886.0,60,1.11,0,south,employed,-1.136,0
1515,35011.0,23,0.335,3,south,retired,-0.668,0
1516,,65,0.374,2,west,employed,-0.638,0
1517,33802.0,52,0.261,2,north,employed,-0.316,0
1518,28372.0,42,0.196,3,west,employed,2.092,0
1519,78904.0,28,0.53,2,north,employed,0.19,0
1520,49097.0,66,0.313,0,south,employed,-0.988,0
1521,37903.0,64,0.255,0,east,employed,-1.665,0
1522,14664.0,39,0.777,0,north,,0.743,0
1523,18060.0,43,0.465,2,south,employed,1.327,1
1524,15653.0,42,0.069,3,north,self-employed,1.956,1
1525,35143.0,42,0.384,2,west,,0.805,1
1526,35359.0,33,0.97,1,south,employed,2.772,1
1527,44094.0,24,0.197,2,south,self-employed,0.574,1
1528,60056.0,24,0.282,0,east,self-employed,-0.166,0
1529,16785.0,69,0.352,0,north,retired,-0.391,0
1530,18358.0,49,0.304,1,south,retired,-0.119,0
1531,22737.0,52,0.462,0,south,unemployed,0.352,0
1532,45028.0,61,0.629,0,west,retired,-0.15,1
1533,41426.0,51,0.458,1,west,employed,-1.702,0
1534,21381.0,62,0.095,1,north,employed,-1.013,0
1535,25278.0,59,0.134,0,west,employed,0.589,0
1536,43330.0,64,0.273,0,north,employed,2.19,0
1537,37098.0,22,0.556,1,west,employed,0.203,0
1538,59460.0,25,0.423,0,east,self-employed,1.053,0
1539,23921.0,52,0.439,0,north,employed,0.823,1
1540,33473.0,61,0.534,1,north,unemployed,0.585,0
1541,21880.0,25,0.745,0,south,employed,-0.472,0
1542,63548.0,56,0.417,2,south,employed,1.051,0
1543,59725.0,38,0.463,2,south,retired,-0.689,1
1544,45689.0,64,0.29,0,south,employed,-3.213,0
1545,58266.0,52,1.194,0,west,employed,1.645,0
1546,71283.0,26,0.71,2,north,self-employed,0.702,1
1547,74139.0,53,0.341,1,north,employed,1.79,0
1548,83748.0,41,0.304,3,west,employed,0.064,0
1549,25219.0,69,0.194,1,north,employed,2.285,0
1550,24249.0,33,0.779,3,south,self-employed,-0.233,0
1551,,52,0.68,2,south,retired,-0.092,0
1552,29262.0,26,0.258,0,north,employed,0.167,0
1553,15011.0,53,0.155,2,west,employed,1.316,0
1554,28855.0,52,0.445,1,north,unemployed,0.434,1
1555,60176.0,50,0.623,1,south,employed,0.838,0
1556,28724.0,53,0.342,0,east,employed,-0.098,0
1557,52996.0,51,0.023,1,north,retired,0.015,0
1558,42189.0,61,0.309,0,west,employed,0.467,0
1559,18549.0,36,0.878,1,north,,-1.417,0
1560,45405.0,68,0.842,3,east,retired,0.536,1
1561,36448.0,32,0.377,3,north,employed,-1.242,0
1562,27590.0,35,0.278,1,east,unemployed,-1.4,1
1563,17775.0,28,0.264,1,south,self-employed,0.411,0
1564,80561.0,26,0.582,0,west,,-0.957,0
1565,23017.0,60,0.312,2,west,retired,0.911,1
1566,13123.0,45,0.203,3,west,self-employed,1.313,1
1567,54975.0,44,0.472,1,west,retired,0.865,0
1568,29028.0,68,0.101,2,north,self-employed,-1.453,0
1569,65510.0,60,0.946,1,north,self-employed,0.13,0
1570,34420.0,67,0.885,0,west,employed,-0.121,1
1571,35996.0,26,0.323,2,north,unemployed,-0.749,0
1572,48593.0,35,0.331,2,west,employed,-1.347,1
1573,38438.0,24,0.167,1,west,employed,-1.029,1
1574,38358.0,34,0.507,1,north,retired,0.828,0
1575,62238.0,40,0.305,0,south,employed,-0.703,0
1576,23104.0,45,0.276,2,south,retired,0.407,1
1577,,29,0.687,1,north,employed,-0.475,0
1578,41871.0,62,0.316,1,north,employed,-0.765,0
1579,16289.0,53,0.542,1,north,retired,0.201,1
1580,63109.0,60,0.211,4,north,unemployed,-1.522,0
1581,53264.0,60,0.196,3,west,self-employed,0.57,1
1582,78197.0,35,0.466,0,north,retired,-0.052,0
1583,29204.0,56,0.326,3,south,employed,0.437,1
1584,20978.0,41,0.578,2,west,unemployed,0.269,0
1585,168128.0,57,0.039,2,south,employed,0.573,0
1586,21849.0,34,0.357,0,west,retired,-0.162,0
1587,,37,0.511,1,south,retired,-1.085,1
1588,47892.0,69,0.263,0,east,employed,1.745,0
1589,29252.0,48,0.263,1,north,employed,0.908,0
1590,44609.0,21,1.081,2,east,employed,0.651,0
1591,18729.0,61,0.417,1,north,employed,0.74,0
1592,,38,0.303,0,south,employed,-1.699,0
1593,27622.0,25,0.21,3,south,employed,-1.473,0
1594,50843.0,67,0.459,1,south,employed,1.337,0
1595,35722.0,59,0.374,0,north,employed,-1.908,0
1596,65977.0,52,0.151,0,north,employed,-0.827,0
1597,31849.0,22,0.789,0,south,employed,1.188,0
1598,39895.0,27,0.184,1,south,employed,-0.122,1
1599,23076.0,35,0.888,2,south,employed,-0.236,0
1600,17506.0,22,0.826,1,west,employed,0.115,1
1601,19810.0,24,0.363,2,south,,-0.197,0
1602,24416.0,66,0.835,0,west,employed,-1.047,0
1603,96845.0,51,0.73,1,west,employed,-1.268,0
1604,,53,0.323,1,north,employed,0.088,0
1605,23379.0,66,0.391,1,west,self-employed,0.145,0
1606,71980.0,67,0.741,3,east,retired,0.936,1
1607,26039.0,56,1.006,1,west,employed,0.011,1
1608,48721.0,63,0.424,0,north,employed,-1.824,0
1609,,39,0.265,1,north,employed,-1.129,0
1610,22349.0,28,0.574,1,north,employed,0.089,1
1611,46874.0,41,0.413,4,south,employed,0.516,0
1612,15538.0,38,0.199,1,south,employed,1.813,1
1613,39688.0,46,0.529,2,west,retired,-0.381,0
1614,36920.0,50,0.45,1,east,self-employed,0.397,0
1615,27395.0,36,0.516,0,north,self-employed,0.265,0
1616,31627.0,35,0.578,0,north,unemployed,1.277,1
1617,51581.0,64,0.671,1,south,unemployed,-1.107,0
1618,35330.0,39,0.508,1,south,employed,-1.09,1
1619,59269.0,45,0.279,2,east,self-employed,-0.456,0
1620,53545.0,67,0.625,1,west,employed,3.749,0
1621,78181.0,26,0.158,2,north,employed,-0.018,0
1622,29334.0,54,0.191,2,east,employed,1.632,0
1623,39441.0,55,0.395,0,north,employed,0.507,0
1624,21396.0,65,0.254,1,west,unemployed,0.251,1
1625,49370.0,47,0.364,3,south,employed,1.141,0
1626,25397.0,36,0.601,1,north,employed,-1.504,0
1627,49296.0,60,0.661,1,north,retired,0.127,0
1628,,64,0.347,2,west,employed,0.768,0
1629,33262.0,22,0.141,4,north,retired,-0.142,1
1630,40625.0,36,0.576,1,north,,-0.696,0
1631,25004.0,68,0.163,2,south,employed,0.324,0
1632,25931.0,52,0.065,5,north,employed,-0.944,0
1633,26529.0,57,0.367,1,south,self-employed,-1.069,0
1634,27623.0,55,0.309,1,south,self-employed,1.082,1
1635,49354.0,22,0.057,1,east,employed,1.662,0
1636,29783.0,31,0.61,1,south,retired,1.623,0
1637,27133.0,46,0.033,2,south,retired,1.444,0
1638,54431.0,47,0.318,0,north,self-employed,1.206,0
1639,50982.0,45,0.706,0,south,employed,0.433,0
1640,33366.0,67,0.838,0,south,employed,-1.427,0
1641,123422.0,43,0.483,1,east,self-employed,-1.98,0
1642,21385.0,58,0.18,2,south,employed,1.129,0
1643,80473.0,53,0.869,3,east,employed,0.694,0
1644,41026.0,33,0.085,2,west,,0.897,0
1645,59541.0,54,0.412,3,west,employed,0.083,0
1646,31011.0,29,0.248,0,west,employed,0.786,0
1647,64557.0,40,0.342,2,north,unemployed,-0.893,0
1648,,21,0.723,0,north,employed,-0.516,0
1649,53663.0,24,0.448,1,west,employed,0.266,1
1650,41016.0,63,0.903,1,north,employed,0.614,1
1651,,24,0.606,1,south,employed,0.371,0
1652,28295.0,26,0.426,1,west,unemployed,0.535,1
1653,44502.0,25,0.256,0,west,employed,-1.384,0
1654,,24,0.525,0,north,self-employed,-1.244,1
1655,30134.0,47,0.568,2,south,employed,0.893,1
1656,31849.0,33,0.262,4,east,self-employed,-0.82,1
1657,26637.0,64,0.503,2,east,employed,0.355,0
1658,28213.0,21,0.656,0,south,self-employed,0.171,0
1659,,58,0.249,1,east,unemployed,0.928,1
1660,,34,0.377,1,south,unemployed,-0.18,0
1661,74363.0,45,0.318,0,west,unemployed,0.205,0
1662,148881.0,22,0.048,1,north,employed,0.142,0
1663,23742.0,57,0.211,2,south,self-employed,-0.464,0
1664,24710.0,39,0.774,0,south,employed,0.786,0
1665,42650.0,63,0.745,0,south,,0.517,0
1666,46327.0,59,0.857,4,east,self-employed,0.659,0
1667,18937.0,64,0.658,2,south,employed,-2.478,1
1668,11424.0,59,0.05,1,south,self-employed,-1.323,0
1669,,29,0.373,2,north,unemployed,0.156,0
1670,70373.0,51,0.705,1,west,employed,-0.411,1
1671,73454.0,52,0.23,0,east,self-employed,1.936,0
1672,35984.0,30,0.859,0,north,employed,0.029,0
1673,72380.0,41,0.142,1,west,unemployed,0.539,1
1674,33213.0,67,0.491,0,islands,employed,-0.692,0
1675,17993.0,26,0.249,2,north,unemployed,-1.497,0
1676,33812.0,48,0.291,0,south,employed,0.117,0
1677,60612.0,67,0.822,0,south,employed,-0.274,0
1678,38579.0,24,0.444,0,east,employed,0.867,0
1679,27247.0,58,0.437,0,west,unemployed,0.765,0
1680,37144.0,53,0.33,0,west,retired,-0.432,0
1681,42773.0,65,0.354,0,east,retired,1.122,0
1682,38754.0,69,0.596,1,west,employed,-0.694,0
1683,42078.0,47,0.341,2,north,unemployed,0.198,1
1684,43679.0,66,0.663,1,south,employed,0.869,0
1685,61678.0,47,1.003,3,south,employed,1.041,0
1686,38650.0,37,0.161,0,north,employed,-0.283,0
1687,33535.0,57,0.526,0,east,,-0.195,0
1688,43282.0,27,0.103,1,north,self-employed,-0.488,0
1689,,31,0.11,1,south,employed,0.142,0
1690,15157.0,66,0.442,0,north,employed,1.852,1
1691,64183.0,38,0.349,2,south,,-1.532,0
1692,84486.0,45,0.162,0,south,employed,0.803,0
1693,36667.0,31,0.37,1,east,employed,0.334,0
1694,49205.0,64,0.283,1,south,unemployed,-0.497,0
1695,25033.0,25,0.646,1,north,,-1.993,0
1696,50683.0,58,0.594,0,north,employed,0.285,0
1697,23677.0,59,0.32,2,south,self-employed,0.818,1
1698,39636.0,55,0.629,1,north,unemployed,0.465,0
1699,48290.0,53,0.297,1,north,unemployed,-0.247,0
1700,,65,0.57,1,north,self-employed,-0.096,0
1701,20827.0,41,0.455,2,west,employed,-0.671,0
1702,30484.0,65,0.539,0,west,employed,0.965,1
1703,27326.0,36,0.077,1,islands,employed,0.578,0
1704,30818.0,69,0.388,1,north,employed,-0.934,0
1705,20910.0,22,0.41,1,east,unemployed,0.234,1
1706,62234.0,33,0.679,1,west,employed,-1.189,0
1707,31635.0,47,0.651,0,west,unemployed,-0.411,1
1708,45147.0,61,0.241,1,north,unemployed,-0.056,0
1709,16062.0,61,0.604,0,north,self-employed,1.146,0
1710,,22,0.37,1,west,self-employed,-0.999,1
1711,80370.0,30,1.046,1,west,employed,-0.457,1
1712,23353.0,65,0.095,0,north,employed,0.118,0
1713,41735.0,26,0.543,1,west,unemployed,0.194,0
1714,,53,0.253,0,south,employed,0.231,1
1715,36162.0,50,0.609,1,south,employed,0.035,1
1716,76799.0,51,0.446,0,north,employed,-0.247,0
1717,,35,0.565,0,north,unemployed,-1.32,1
1718,28494.0,26,0.446,0,east,employed,-1.06,0
1719,35116.0,54,0.179,3,north,unemployed,-0.891,1
1720,27613.0,38,0.758,2,north,,0.582,0
1721,42936.0,66,0.233,1,north,employed,0.944,0
1722,14890.0,29,0.18,1,north,retired,2.094,0
1723,21285.0,30,0.203,1,west,employed,0.122,0
1724,69563.0,66,0.291,1,west,employed,-1.005,0
1725,38389.0,27,0.835,0,south,employed,-0.591,0
1726,46124.0,52,0.612,1,west,employed,-1.056,0
1727,83795.0,60,0.107,2,east,employed,-0.088,0
1728,15102.0,24,0.447,1,south,retired,2.129,1
1729,8125.0,56,0.674,0,north,employed,-0.081,0
1730,87552.0,40,0.839,0,south,self-employed,-1.285,0
1731,18202.0,41,0.231,0,north,,0.351,0
1732,37557.0,24,0.601,1,south,,1.375,0
1733,15988.0,21,0.078,1,east,employed,0.733,0
1734,10038.0,55,0.452,2,west,employed,-2.812,0
1735,34622.0,69,0.192,1,north,unemployed,-0.142,0
1736,45383.0,55,0.05,2,east,employed,-1.238,0
1737,23796.0,69,0.21,1,east,employed,-0.343,1
1738,10090.0,22,0.185,0,south,employed,-1.642,1
1739,41844.0,36,0.697,0,north,employed,1.154,0
1740,92708.0,40,0.483,1,east,self-employed,0.953,1
1741,15102.0,53,0.466,1,south,employed,-1.258,0
1742,52527.0,24,0.223,2,north,self-employed,-1.018,1
1743,41164.0,65,0.539,5,west,unemployed,1.78,1
1744,14209.0,53,0.301,0,west,employed,-0.01,1
1745,59380.0,58,0.58,2,south,retired,-0.55,0
1746,39303.0,39,0.251,1,east,employed,-1.243,0
1747,33405.0,41,0.353,1,south,retired,-1.571,0
1748,67897.0,32,0.217,1,west,employed,-1.526,0
1749,36453.0,25,0.347,2,east,employed,1.282,0
1750,68012.0,27,0.069,1,south,employed,0.544,0
1751,133001.0,63,0.219,2,south,employed,0.797,0
1752,40020.0,59,0.87,1,east,employed,-0.709,0
1753,44832.0,39,0.223,1,north,self-employed,-2.061,0
1754,27064.0,69,0.097,0,west,retired,1.401,0
1755,77702.0,30,0.245,1,north,employed,0.123,0
1756,19540.0,32,0.28,0,north,employed,0.556,0
1757,27991.0,21,0.174,0,west,employed,-0.649,0
1758,35186.0,63,0.815,1,east,self-employed,-1.758,0
1759,33144.0,46,0.092,3,east,employed,-0.496,0
1760,25420.0,46,0.518,3,south,employed,1.417,1
1761,56308.0,42,0.321,1,north,self-employed,0.183,1
1762,31091.0,53,0.614,1,north,employed,-0.606,0
1763,12380.0,46,0.513,2,north,unemployed,0.5,0
1764,64869.0,60,0.128,0,south,employed,0.917,0
1765,86276.0,47,0.24,0,north,employed,1.066,0
1766,27471.0,27,0.63,0,north,self-employed,0.127,1
1767,,34,0.466,1,south,employed,-0.152,1
1768,27813.0,25,0.656,0,east,employed,1.974,0
1769,22094.0,32,0.449,1,west,employed,1.057,0
1770,22903.0,34,0.638,1,north,retired,-2.027,0
1771,82341.0,49,0.278,2,south,employed,0.51,0
1772,71955.0,60,0.118,0,east,self-employed,1.778,0
1773,51412.0,38,0.593,1,north,,1.376,0
1774,21898.0,30,0.397,1,south,employed,-0.832,0
1775,54165.0,29,0.04,1,north,self-employed,1.395,1
1776,21099.0,59,0.125,0,north,employed,-0.245,1
1777,49647.0,47,0.326,0,east,employed,0.599,1
1778,27645.0,51,0.327,2,east,retired,-0.156,0
1779,27316.0,48,0.446,3,north,employed,1.458,0
1780,27961.0,50,0.249,0,south,employed,-1.15,0
1781,12880.0,41,0.175,0,east,self-employed,0.924,0
1782,15096.0,25,0.652,1,south,self-employed,-0.615,1
1783,33690.0,58,0.683,2,south,employed,-1.397,0
1784,21220.0,55,0.252,1,east,employed,-0.293,0
1785,54780.0,60,0.094,2,north,employed,-0.713,0
1786,,49,0.118,4,north,self-employed,0.51,1
1787,16649.0,40,0.813,2,east,employed,-0.782,0
1788,,57,0.545,1,south,unemployed,-1.225,0
1789,33356.0,59,0.383,0,north,employed,-1.094,0
1790,96002.0,37,0.405,4,north,self-employed,-0.072,0
1791,24466.0,21,0.587,0,north,,-0.754,1
1792,46485.0,52,0.585,1,north,retired,-0.173,0
1793,15845.0,63,0.13,0,south,employed,0.601,0
1794,22953.0,21,0.726,1,north,employed,-0.153,1
1795,45975.0,30,0.089,1,west,employed,-0.006,0
1796,31938.0,44,0.268,1,south,retired,0.367,0
1797,46244.0,57,0.56,4,north,employed,-0.2,1
1798,38300.0,36,0.276,2,north,self-employed,-0.899,0
1799,35719.0,64,0.568,3,north,employed,-1.198,0
1800,35322.0,67,0.518,2,east,unemployed,-1.789,0
1801,71328.0,29,0.124,4,west,employed,-1.215,0
1802,34756.0,59,0.296,1,south,employed,1.164,0
1803,55196.0,53,0.152,0,north,employed,0.33,0
1804,31396.0,69,0.171,1,south,employed,0.106,0
1805,37525.0,30,0.751,0,west,,0.024,0
1806,,41,0.507,2,west,employed,0.355,0
1807,12538.0,41,0.394,3,east,,0.853,0
1808,28922.0,34,0.49,0,east,employed,-0.395,0
1809,37509.0,63,0.108,0,north,employed,0.449,1
1810,28109.0,51,0.426,1,south,employed,0.116,0
1811,46786.0,59,0.963,2,north,self-employed,0.418,0
1812,23899.0,52,0.017,4,south,employed,-0.626,0
1813,17745.0,53,0.396,1,south,employed,-0.302,0
1814,17030.0,34,0.507,0,north,employed,-0.007,0
1815,49344.0,50,0.247,1,north,unemployed,-0.238,1
1816,23486.0,48,0.689,0,north,self-employed,0.402,0
1817,35611.0,64,0.239,0,south,employed,2.135,0
1818,,25,0.56,4,north,employed,-0.455,1
1819,22922.0,63,0.169,1,west,retired,-0.383,0
1820,34909.0,66,0.338,0,north,employed,-0.61,0
1821,60418.0,41,0.618,1,east,employed,-0.521,0
1822,20622.0,24,0.499,5,north,employed,1.619,0
1823,,36,0.219,6,north,employed,-0.267,1
1824,34853.0,67,0.306,1,south,self-employed,-0.18,0
1825,37830.0,40,0.476,1,south,employed,-2.47,0
1826,28178.0,47,0.398,0,north,employed,-1.294,0
1827,64352.0,27,0.17,2,south,self-employed,1.317,0
1828,14804.0,55,0.454,0,north,employed,0.8,1
1829,23147.0,48,0.459,1,east,,0.774,1
1830,34936.0,50,0.168,0,north,employed,1.943,0
1831,22524.0,55,0.672,1,north,self-employed,0.735,0
1832,41279.0,27,0.163,1,north,self-employed,0.76,0
1833,34975.0,55,0.608,0,east,self-employed,-0.225,0
1834,30796.0,54,0.101,1,east,self-employed,1.166,0
1835,116453.0,25,0.234,0,north,employed,-0.687,0
1836,21244.0,51,0.399,1,south,self-employed,2.613,1
1837,30586.0,65,0.09,1,north,,0.495,0
1838,44546.0,32,0.265,0,south,employed,0.298,0
1839,23941.0,33,0.463,2,north,self-employed,0.782,1
1840,37322.0,58,0.62,1,south,unemployed,-0.699,1
1841,53473.0,41,0.463,0,west,employed,-0.402,0
1842,38866.0,68,0.374,0,north,retired,-0.758,0
1843,50566.0,64,0.187,1,east,employed,0.175,0
1844,28914.0,42,0.155,2,north,employed,-0.425,1
1845,30611.0,22,0.301,0,west,employed,-1.245,1
1846,91264.0,60,0.235,0,east,employed,-0.037,0
1847,44226.0,61,0.54,1,south,self-employed,-2.065,0
1848,56603.0,30,0.323,3,north,self-employed,0.648,0
1849,25188.0,32,0.448,0,north,employed,0.315,0
1850,31308.0,38,0.601,1,east,employed,1.397,1
1851,,60,0.113,1,south,employed,-0.224,0
1852,36588.0,65,0.111,1,east,retired,0.167,0
1853,18774.0,55,0.772,1,south,employed,-0.46,1
1854,22292.0,37,0.171,1,west,unemployed,1.414,0
1855,33801.0,65,0.223,1,north,employed,0.598,0
1856,76663.0,50,0.42,1,north,self-employed,1.15,0
1857,45691.0,49,0.48,1,north,self-employed,-1.572,0
1858,23901.0,25,0.171,1,east,employed,-0.009,0
1859,34712.0,40,0.591,2,east,employed,-0.066,0
1860,36186.0,65,0.291,1,west,self-employed,-1.628,0
1861,15180.0,34,0.641,1,south,self-employed,-0.49,0
1862,34487.0,49,0.483,0,east,employed,0.703,0
1863,29439.0,56,0.368,3,south,unemployed,-0.742,0
1864,32533.0,29,0.177,1,north,self-employed,-0.654,1
1865,22427.0,38,0.472,1,south,employed,-0.036,0
1866,42331.0,51,0.59,0,north,self-employed,-0.631,1
1867,28548.0,45,0.296,0,east,employed,0.724,0
1868,23848.0,68,0.487,2,north,employed,-0.167,1
1869,88693.0,69,0.292,0,east,employed,1.148,0
1870,29120.0,32,0.037,2,south,employed,-0.831,0
1871,17739.0,41,0.474,0,east,employed,-2.403,0
1872,64662.0,33,0.831,0,south,self-employed,1.588,0
1873,71146.0,39,0.685,1,east,employed,1.376,1
1874,21672.0,25,0.065,1,south,self-employed,2.119,0
1875,28268.0,32,0.276,1,north,employed,-0.392,0
1876,32088.0,35,0.844,1,east,employed,1.301,0
1877,28681.0,35,0.407,1,east,retired,-1.298,1
1878,17541.0,56,0.743,0,north,self-employed,-1.209,0
1879,,33,0.087,3,west,unemployed,-0.707,1
1880,102082.0,58,0.354,0,west,employed,-0.327,0
1881,25814.0,32,0.528,1,south,self-employed,0.509,1
1882,26825.0,30,0.832,1,north,employed,1.593,0
1883,51508.0,63,0.881,1,west,self-employed,-0.289,1
1884,27507.0,67,0.413,1,west,unemployed,0.751,1
1885,25005.0,58,0.192,3,west,retired,-0.823,0
1886,20703.0,44,0.272,1,south,self-employed,-0.638,0
1887,45584.0,54,0.4,2,south,employed,0.118,0
1888,38671.0,67,0.505,2,south,employed,0.126,1
1889,61140.0,22,0.077,0,south,retired,0.376,0
1890,28205.0,67,0.476,1,south,employed,-0.554,0
1891,66944.0,39,0.565,6,south,employed,0.379,1
1892,37666.0,38,0.592,2,south,employed,-1.622,0
1893,26778.0,49,0.558,0,east,employed,1.243,0
1894,43889.0,50,0.044,3,north,employed,0.727,1
1895,,36,0.216,1,south,employed,0.269,0
1896,40095.0,27,0.167,1,east,retired,-0.449,0
1897,23958.0,65,0.167,1,north,self-employed,0.416,0
1898,33226.0,67,0.088,0,south,self-employed,0.192,0
1899,31679.0,55,0.229,0,south,self-employed,1.622,0
1900,50386.0,64,0.444,1,west,employed,-2.078,1
1901,,25,0.605,1,north,self-employed,0.003,1
1902,52970.0,32,0.192,1,south,employed,-1.741,0
1903,50786.0,69,0.379,0,north,unemployed,-0.222,1
1904,60729.0,63,0.348,2,east,employed,-2.07,0
1905,64772.0,67,0.133,3,east,self-employed,-0.91,1
1906,28799.0,36,0.605,2,north,self-employed,2.608,1
1907,19537.0,36,0.253,1,south,unemployed,0.465,0
1908,37914.0,56,0.626,3,south,unemployed,-0.061,1
1909,74442.0,36,0.222,3,south,retired,-0.314,0
1910,18701.0,53,0.275,1,east,employed,0.553,0
1911,21686.0,32,0.166,2,south,employed,0.048,1
1912,36112.0,32,0.816,0,north,self-employed,-0.134,0
1913,26550.0,52,0.365,0,west,employed,0.192,0
1914,57553.0,50,0.672,0,north,employed,-0.3,0
1915,36438.0,32,1.055,0,west,employed,1.71,0
1916,53382.0,60,0.367,1,south,retired,0.587,1
1917,40707.0,46,0.362,0,north,self-employed,-0.44,0
1918,42941.0,67,0.556,1,south,employed,0.336,0
1919,19458.0,39,0.239,1,east,unemployed,-0.379,0
1920,25385.0,60,0.324,1,east,self-employed,-1.05,0
1921,13132.0,66,0.236,2,north,employed,-2.23,0
1922,23855.0,67,0.272,4,south,retired,1.683,1
1923,26668.0,48,0.145,1,south,employed,1.389,0
1924,41625.0,31,0.684,3,east,employed,-0.421,0
1925,19727.0,51,1.015,3,south,employed,0.688,1
1926,85257.0,40,0.678,2,north,employed,0.204,0
1927,64557.0,47,0.409,0,west,self-employed,-0.382,0
1928,21099.0,58,0.171,2,north,employed,-0.013,0
1929,13992.0,67,0.097,2,north,self-employed,0.386,1
1930,,61,0.53,3,east,,0.318,0
1931,40935.0,59,0.064,2,north,retired,0.217,0
1932,18918.0,41,0.616,0,west,employed,-0.481,0
1933,30359.0,26,0.555,0,south,employed,0.63,1
1934,46503.0,42,0.52,2,north,employed,-0.427,0
1935,42708.0,33,0.711,0,east,unemployed,-0.706,0
1936,50725.0,27,0.731,2,north,employed,0.827,0
1937,18454.0,24,0.618,2,north,employed,-0.033,0
1938,48845.0,55,0.106,2,south,employed,0.308,0
1939,49658.0,60,0.594,1,south,employed,0.38,0
1940,56521.0,28,0.98,0,east,employed,-0.831,1
1941,,25,0.206,3,east,employed,-1.426,0
1942,18603.0,50,0.274,1,north,retired,-0.158,0
1943,10385.0,62,0.163,0,islands,employed,1.0,1
1944,42262.0,55,0.711,1,south,employed,0.9,0
1945,78232.0,23,0.677,0,west,self-employed,0.08,0
1946,23958.0,46,0.722,2,north,unemployed,1.098,0
1947,23831.0,51,0.768,3,east,retired,-2.536,1
1948,38436.0,41,0.205,1,north,employed,1.215,0
1949,60524.0,59,0.375,3,west,employed,-0.839,0
1950,50877.0,32,0.781,0,west,self-employed,-1.261,1
1951,19522.0,26,0.646,2,west,employed,-0.74,1
1952,28378.0,61,0.466,1,east,employed,-0.048,0
1953,26617.0,55,0.13,2,west,employed,-0.761,0
1954,47000.0,56,0.464,1,east,unemployed,0.299,1
1955,51485.0,49,0.531,4,south,self-employed,-1.048,1
1956,22712.0,42,0.605,1,south,self-employed,-0.079,0
1957,23555.0,37,0.377,1,north,retired,-0.065,0
1958,40787.0,44,0.867,1,south,retired,0.922,0
1959,31681.0,38,0.15,0,west,employed,-0.641,0
1960,24054.0,53,0.961,2,east,employed,-1.291,0
1961,28196.0,55,0.313,0,north,employed,0.899,1
1962,47791.0,32,0.19,0,east,unemployed,-1.825,0
1963,29647.0,59,0.182,0,north,employed,0.464,0
1964,33290.0,25,0.355,0,south,employed,-0.753,1
1965,24008.0,51,0.613,1,north,employed,-1.78,0
1966,47617.0,27,0.285,3,south,employed,1.525,0
1967,27297.0,45,0.082,0,west,employed,0.246,0
1968,40353.0,61,0.405,0,east,self-employed,0.001,0
1969,38520.0,64,0.771,3,north,unemployed,-0.016,0
1970,29139.0,61,0.419,2,west,employed,0.906,1
1971,23308.0,66,0.082,2,north,self-employed,1.153,0
1972,34051.0,43,0.296,5,west,employed,0.251,0
1973,30351.0,46,0.079,1,north,employed,0.121,0
1974,58741.0,25,0.518,2,south,retired,0.16,0
1975,23173.0,38,0.211,1,west,retired,-0.32,0
1976,51716.0,61,0.881,2,south,employed,0.88,0
1977,64808.0,67,0.532,1,north,retired,-0.246,0
1978,49260.0,54,0.412,2,west,employed,-0.74,1
1979,51471.0,41,0.413,1,north,employed,-0.171,0
1980,31303.0,53,0.66,2,south,self-employed,-1.457,1
1981,44584.0,58,0.409,2,west,self-employed,0.551,1
1982,,56,0.211,0,east,,0.105,0
1983,15948.0,53,0.497,0,north,self-employed,0.53,1
1984,30358.0,54,0.717,0,west,employed,0.444,1
1985,19542.0,57,0.546,4,south,employed,-1.382,1
1986,14102.0,26,0.37,1,east,employed,-0.762,0
1987,35422.0,64,0.395,1,south,employed,1.407,0
1988,44644.0,37,0.434,4,south,employed,1.341,1
1989,25740.0,68,0.198,2,south,employed,-0.593,0
1990,46513.0,40,0.809,0,south,employed,1.198,0
1991,47819.0,37,0.594,1,north,self-employed,1.161,1
1992,37754.0,65,0.217,1,east,employed,0.466,0
1993,28124.0,41,0.336,1,north,unemployed,0.768,0
1994,50464.0,32,0.05,1,north,employed,0.058,0
1995,87121.0,21,0.31,1,south,retired,0.021,0
1996,12963.0,51,0.331,1,south,employed,1.029,0
1997,52031.0,50,0.489,3,north,employed,0.606,0
1998,,21,0.384,1,north,self-employed,0.574,0
1999,55216.0,27,0.4,0,south,employed,-0.794,0
2000,59507.0,37,0.464,0,south,employed,-0.956,0
2001,29584.0,24,0.175,0,east,employed,-0.467,0
2002,29203.0,40,0.346,0,south,employed,0.004,0
2003,,46,0.092,2,north,employed,0.965,0
2004,38529.0,46,0.73,5,south,retired,-0.09,1
2005,32810.0,54,0.628,0,east,employed,2.798,0
2006,64155.0,69,0.85,2,west,unemployed,0.601,1
2007,16575.0,43,0.678,2,north,self-employed,-0.603,1
2008,28240.0,21,0.043,1,north,employed,-0.163,0
2009,50277.0,63,0.376,0,south,self-employed,-0.883,0
2010,31451.0,51,0.273,1,south,employed,0.175,0
2011,32069.0,49,0.745,1,south,employed,0.467,0
2012,31225.0,66,0.274,1,east,employed,1.419,0
2013,58432.0,67,0.57,0,east,unemployed,0.436,0
2014,51384.0,57,0.139,1,east,employed,-1.603,0
2015,18713.0,28,0.259,3,east,retired,0.523,1
2016,20555.0,39,0.597,0,north,employed,0.43,0
2017,29513.0,25,0.565,5,south,employed,0.676,0
2018,,57,0.258,1,south,unemployed,-0.69,0
2019,57141.0,59,0.131,4,south,employed,0.883,0
2020,34249.0,55,0.758,0,north,employed,-0.518,1
2021,70320.0,27,0.329,1,west,retired,-0.07,0
2022,92282.0,37,0.356,0,east,employed,0.042,0
2023,23531.0,25,0.571,2,south,employed,0.346,1
2024,39571.0,34,0.547,2,south,employed,-1.054,0
2025,60864.0,33,0.332,1,south,,-0.21,0
2026,40881.0,51,0.339,1,south,employed,0.385,0
2027,43227.0,38,0.247,1,west,self-employed,-1.876,1
2028,28968.0,56,0.313,1,north,self-employed,-0.335,0
2029,27638.0,22,0.426,0,north,unemployed,0.499,1
2030,40360.0,38,0.638,1,west,employed,-0.694,0
2031,59962.0,22,0.258,1,north,employed,0.97,1
2032,21558.0,64,0.33,1,south,self-employed,0.455,0
2033,33958.0,64,0.649,1,north,self-employed,1.076,0
2034,89769.0,49,1.005,3,south,employed,0.465,0
2035,33100.0,59,0.62,1,south,employed,-0.468,0
2036,,41,0.268,2,south,employed,0.017,0
2037,54470.0,45,0.83,1,west,unemployed,-1.428,0
2038,48642.0,52,0.074,0,south,,-0.095,0
2039,33778.0,42,0.483,0,west,employed,1.05,0
2040,32761.0,44,0.617,3,east,self-employed,0.083,1
2041,78346.0,26,0.308,0,north,self-employed,0.441,0
2042,22792.0,33,0.131,1,south,,1.297,1
2043,18576.0,55,0.115,1,east,employed,-0.873,0
2044,63790.0,64,0.311,4,north,,1.353,0
2045,68761.0,32,0.403,1,west,unemployed,0.476,0
2046,22594.0,30,0.837,2,north,employed,0.321,1
2047,56909.0,43,0.631,0,west,employed,-1.7,0
2048,44030.0,52,0.492,0,north,,0.858,0
2049,34779.0,35,0.301,1,north,employed,1.319,0
2050,38909.0,67,0.428,0,south,self-employed,-0.689,0
2051,92949.0,49,0.315,2,west,self-employed,1.441,0
2052,53648.0,23,0.258,0,south,employed,-1.571,0
2053,49704.0,48,0.428,3,north,employed,-0.198,0
2054,48103.0,33,0.364,2,north,employed,-0.714,1
2055,27535.0,48,0.412,2,south,employed,0.72,0
2056,31662.0,67,0.658,1,south,employed,0.818,0
2057,34531.0,64,0.393,2,east,,0.235,0
2058,23914.0,27,0.496,0,north,employed,-1.567,1
2059,48375.0,67,0.35,0,west,retired,-0.006,0
2060,66015.0,45,0.16,0,south,self-employed,-2.534,0
2061,35416.0,49,0.062,1,south,unemployed,-0.087,0
2062,24663.0,68,0.234,2,west,self-employed,-0.077,0
2063,25028.0,53,0.548,3,north,self-employed,0.545,1
2064,82506.0,28,0.178,4,north,employed,0.758,1
2065,27708.0,67,0.149,1,north,self-employed,0.696,0
2066,20167.0,24,0.752,1,south,employed,0.398,1
2067,17657.0,31,0.714,1,west,employed,1.571,1
2068,29321.0,34,0.134,0,south,employed,-0.304,1
2069,68200.0,67,0.627,0,south,employed,-0.782,0
2070,69420.0,28,0.091,1,south,unemployed,-0.057,0
2071,49932.0,32,0.456,0,north,employed,0.299,0
2072,,21,0.353,1,north,self-employed,0.534,0
2073,56165.0,21,0.768,1,east,employed,-1.238,0
2074,33758.0,44,1.08,1,north,employed,-0.167,0
2075,50505.0,68,0.357,1,south,,-0.428,0
2076,110746.0,44,0.339,3,north,retired,-0.96,0
2077,33311.0,41,0.169,2,south,employed,0.435,0
2078,18882.0,69,0.322,0,west,unemployed,0.838,0
2079,97013.0,32,0.674,1,west,,-0.221,0
2080,,66,0.567,0,south,,-0.178,1
2081,34194.0,59,0.473,0,south,employed,0.578,0
2082,16506.0,21,0.043,0,north,employed,-0.265,0
2083,54508.0,34,0.773,2,east,self-employed,1.383,0
2084,63612.0,42,0.556,1,south,self-employed,-1.051,0
2085,,62,0.534,0,east,self-employed,1.231,0
2086,65046.0,30,0.303,1,south,,-0.43,1
2087,30901.0,23,0.316,2,west,retired,-1.471,0
2088,74059.0,39,0.407,4,west,self-employed,-1.006,0
2089,55622.0,32,0.488,0,south,employed,-1.134,0
2090,91310.0,38,0.251,1,north,employed,-0.142,0
2091,16386.0,49,0.876,0,north,employed,0.195,1
2092,20226.0,46,0.65,0,east,employed,-0.991,0
2093,59008.0,53,0.433,0,west,employed,-0.678,0
2094,45698.0,26,0.403,0,west,employed,-1.711,0
2095,23946.0,44,0.567,2,west,retired,1.575,1
2096,39763.0,67,0.543,1,north,employed,2.324,0
2097,60427.0,32,0.387,1,south,self-employed,-0.195,0
2098,67212.0,47,0.191,1,north,employed,-0.566,0
2099,43478.0,63,0.158,0,south,employed,-0.019,0
2100,39946.0,30,1.124,1,south,employed,-0.595,1
2101,48254.0,66,0.556,0,west,employed,-0.492,0
2102,37260.0,41,0.516,1,islands,employed,0.727,1
2103,99237.0,24,0.452,3,south,,1.785,0
2104,30817.0,62,0.292,0,south,unemployed,1.116,0
2105,38468.0,33,0.124,1,west,unemployed,-0.744,0
2106,34680.0,41,0.098,5,islands,employed,-0.52,1
2107,82878.0,53,0.733,1,north,employed,-0.522,0
2108,29211.0,46,0.655,1,west,employed,-0.047,0
2109,59316.0,59,0.776,2,south,retired,2.03,0
2110,37039.0,62,0.565,0,east,self-employed,2.156,0
2111,30354.0,57,0.534,2,west,employed,1.109,0
2112,13398.0,28,0.212,1,east,employed,-1.103,0
2113,36893.0,32,0.492,1,north,employed,0.866,1
2114,87974.0,67,0.283,1,west,employed,-0.576,0
2115,26822.0,30,0.182,3,north,employed,-0.64,1
2116,8787.0,68,0.158,0,south,employed,0.35,0
2117,43908.0,41,0.061,3,west,employed,0.464,1
2118,20764.0,33,0.379,2,south,employed,-1.113,0
2119,15494.0,38,0.532,2,north,self-employed,1.677,0
2120,28945.0,36,0.634,0,north,employed,-0.193,0
2121,19200.0,41,0.437,0,west,employed,-0.743,0
2122,,51,0.502,0,south,retired,-0.456,0
2123,41477.0,50,0.665,1,south,employed,0.136,0
2124,50752.0,65,0.55,0,south,employed,1.536,0
2125,27090.0,45,0.855,0,east,employed,1.41,0
2126,35230.0,32,0.417,1,east,retired,-1.786,0
2127,27976.0,30,0.065,2,north,employed,1.119,1
2128,42066.0,41,1.077,0,east,employed,-1.212,0
2129,,25,0.563,4,south,employed,-0.772,1
2130,35846.0,68,0.284,2,north,unemployed,0.057,0
2131,60982.0,68,0.24,1,south,employed,-0.839,0
2132,85210.0,68,0.702,1,east,retired,-1.436,1
2133,55096.0,28,0.338,1,west,employed,-0.801,1
2134,39057.0,55,0.204,0,north,employed,1.035,1
2135,15486.0,40,0.053,1,south,unemployed,-2.228,1
2136,39167.0,42,0.519,2,south,unemployed,0.164,1
2137,13594.0,24,0.537,3,south,employed,-0.939,1
2138,23149.0,35,0.805,1,west,retired,-2.442,1
2139,32630.0,37,0.446,0,north,employed,0.58,0
2140,31573.0,67,0.91,1,east,employed,2.4,0
2141,56353.0,63,0.448,1,east,employed,0.114,0
2142,31433.0,45,0.648,0,east,employed,0.166,1
2143,19247.0,42,0.598,1,north,employed,0.601,0
2144,28350.0,64,0.487,1,north,self-employed,-0.604,0
2145,24724.0,29,0.357,2,north,employed,-1.215,0
2146,62120.0,60,0.175,2,west,employed,0.445,0
2147,17307.0,54,0.216,3,east,unemployed,-0.302,1
2148,28251.0,42,0.558,1,east,self-employed,-2.333,1
2149,57047.0,40,0.857,2,south,,1.278,0
2150,23495.0,26,0.084,1,south,retired,0.214,0
2151,43692.0,59,0.89,2,south,employed,0.515,0
2152,36616.0,41,0.485,0,north,employed,1.05,0
2153,30419.0,59,0.248,2,north,employed,1.047,0
2154,14981.0,59,0.685,0,islands,self-employed,0.436,1
2155,36632.0,67,0.335,2,east,employed,1.672,0
2156,27825.0,69,0.209,0,south,retired,0.275,1
2157,41556.0,34,0.11,1,south,employed,-0.169,0
2158,17416.0,43,0.353,2,south,employed,0.053,0
2159,46913.0,22,0.325,0,east,employed,1.419,0
2160,50207.0,63,0.488,0,east,employed,-0.445,0
2161,72829.0,56,0.278,0,north,employed,-0.07,0
2162,28358.0,33,0.714,0,east,retired,-1.155,1
2163,25499.0,56,0.302,0,east,employed,-1.013,0
2164,56781.0,65,0.516,0,south,unemployed,-0.908,0
2165,21406.0,44,0.512,0,north,retired,-0.577,1
2166,23525.0,35,0.868,1,south,employed,0.096,0
2167,30975.0,44,0.074,0,east,retired,-1.177,0
2168,20496.0,40,0.405,1,north,employed,0.145,1
2169,74295.0,55,1.247,1,east,employed,1.092,0
2170,58491.0,56,0.872,3,north,employed,0.003,0
2171,12207.0,24,0.561,0,west,retired,-1.234,1
2172,12391.0,63,0.304,1,north,retired,0.886,1
2173,26179.0,67,0.255,0,north,self-employed,0.139,0
2174,46530.0,30,0.366,1,south,retired,1.152,0
2175,51005.0,24,0.669,1,east,employed,0.784,0
2176,73418.0,47,0.418,0,east,unemployed,-0.419,0
2177,41831.0,26,0.433,1,east,employed,0.06,0
2178,21254.0,47,0.63,1,north,employed,-1.252,0
2179,44754.0,31,0.493,0,north,self-employed,-0.591,0
2180,20332.0,64,0.641,2,south,unemployed,-0.897,0
2181,23879.0,42,0.113,2,north,employed,-0.143,0
2182,16243.0,49,0.616,1,north,employed,0.893,1
2183,23108.0,57,0.094,1,south,employed,1.541,0
2184,26555.0,35,0.249,0,south,employed,-1.405,0
2185,27224.0,67,0.451,0,south,employed,-1.072,0
2186,87978.0,27,0.389,0,west,employed,-0.128,0
2187,,36,0.566,1,north,unemployed,-0.586,1
2188,43211.0,44,0.832,2,south,self-employed,0.251,0
2189,,26,0.502,0,west,employed,0.054,1
2190,80164.0,23,0.387,2,north,self-employed,1.124,0
2191,,46,0.132,1,north,self-employed,-0.912,0
2192,52843.0,63,0.19,4,west,employed,0.952,0
2193,23683.0,38,1.273,0,east,employed,1.587,1
2194,33882.0,44,0.264,1,south,employed,1.136,0
2195,46515.0,39,0.262,2,north,self-employed,0.062,0
2196,18488.0,47,0.527,1,west,employed,1.535,1
2197,29933.0,58,0.225,1,south,self-employed,2.682,1
2198,36419.0,33,0.254,0,south,,0.309,0
2199,46735.0,67,0.435,0,south,employed,0.727,0
2200,32467.0,61,0.407,1,east,retired,-0.197,0
2201,148747.0,32,0.309,1,east,unemployed,-0.68,0
2202,93059.0,58,0.369,1,west,employed,0.163,0
2203,12075.0,27,0.313,0,south,employed,-2.791,0
2204,38521.0,28,0.27,0,north,employed,0.589,1
2205,47905.0,58,0.111,1,south,employed,0.139,0
2206,43089.0,66,0.166,1,west,self-employed,-1.262,0
2207,72787.0,48,0.096,1,east,employed,0.497,0
2208,8688.0,39,0.674,2,west,employed,1.37,0
2209,21220.0,22,0.454,1,north,self-employed,1.759,0
2210,78526.0,28,0.177,1,east,self-employed,-0.353,0
2211,66667.0,21,0.383,1,north,employed,-0.689,0
2212,113862.0,25,0.349,0,east,employed,-2.344,0
2213,,36,0.121,2,north,employed,0.184,0
2214,19113.0,55,0.157,0,west,retired,0.475,1
2215,60928.0,26,0.668,2,south,employed,0.253,1
2216,31527.0,33,0.59,0,south,employed,1.173,0
2217,40311.0,50,0.33,3,west,employed,-0.556,0
2218,37347.0,55,0.47,0,east,employed,0.049,0
2219,28757.0,44,0.413,0,east,self-employed,0.354,0
2220,28234.0,57,0.537,1,south,employed,-0.483,0
2221,,68,0.514,0,west,employed,2.067,0
2222,27663.0,21,0.28,1,north,self-employed,0.547,0
2223,40451.0,48,0.282,0,east,employed,1.937,0
2224,46285.0,62,0.184,1,north,unemployed,-1.306,0
2225,27816.0,41,0.708,0,islands,employed,0.799,0
2226,31486.0,60,0.374,2,north,retired,1.172,0
2227,64571.0,22,0.589,2,north,employed,-1.77,0
2228,15523.0,41,0.428,0,north,employed,1.538,1
2229,25943.0,49,0.692,2,north,employed,0.318,0
2230,18597.0,57,0.683,2,west,employed,0.683,1
2231,40478.0,69,0.646,1,north,employed,-0.109,0
2232,140355.0,45,0.783,2,west,retired,1.368,0
2233,,28,0.203,0,east,employed,-0.004,0
2234,67061.0,48,0.585,2,east,employed,-0.35,0
2235,73879.0,32,0.506,1,south,retired,-0.176,1
2236,12470.0,29,0.6,1,east,self-employed,1.587,1
2237,18563.0,65,0.183,0,west,retired,-0.209,0
2238,35933.0,45,0.308,4,north,employed,0.277,0
2239,22164.0,56,0.814,1,south,employed,0.186,0
2240,41734.0,29,0.034,2,east,self-employed,-1.103,0
2241,,52,0.517,3,north,employed,-1.602,1
2242,51651.0,61,0.92,1,south,retired,-0.276,0
2243,32913.0,24,0.373,3,north,employed,-0.212,1
2244,48227.0,28,0.412,0,west,unemployed,-0.111,0
2245,43300.0,59,0.031,0,north,employed,0.548,0
2246,19271.0,46,0.703,0,north,employed,-0.804,0
2247,26876.0,41,0.542,0,north,employed,0.115,0
2248,45886.0,60,0.182,2,north,unemployed,-0.991,0
2249,35093.0,36,0.816,1,north,unemployed,-0.651,1
2250,42669.0,66,0.453,1,north,employed,-2.299,0
2251,56672.0,61,0.616,1,north,employed,0.488,1
2252,,51,0.597,0,south,employed,-1.583,0
2253,76180.0,67,0.937,1,south,employed,-0.891,0
2254,13991.0,41,0.52,0,south,employed,-0.252,1
2255,36528.0,24,0.462,0,south,employed,-0.968,0
2256,39205.0,44,0.479,3,east,retired,1.644,0
2257,33754.0,69,0.204,1,east,employed,0.069,0
2258,39889.0,65,0.55,0,north,employed,-1.864,0
2259,27406.0,55,0.095,2,east,unemployed,0.938,0
2260,25195.0,61,0.17,1,north,employed,3.209,0
2261,34448.0,41,0.426,1,north,employed,0.271,0
2262,,45,0.424,0,south,self-employed,-0.219,0
2263,25717.0,64,0.24,1,west,employed,-0.047,0
2264,,66,0.179,1,west,employed,0.289,0
2265,23515.0,64,0.338,2,east,,0.985,1
2266,,34,0.625,1,east,employed,-1.618,0
2267,32086.0,43,0.128,0,south,unemployed,0.109,0
2268,45225.0,25,0.344,2,south,employed,0.951,0
2269,30952.0,56,0.338,1,east,unemployed,-0.405,1
2270,,69,0.636,1,north,,-0.163,1
2271,80901.0,58,0.624,1,east,self-employed,1.899,0
2272,28463.0,62,0.443,0,east,unemployed,-1.986,0
2273,69236.0,36,0.605,2,south,self-employed,0.756,0
2274,18638.0,49,0.714,1,west,employed,-0.954,1
2275,49887.0,47,0.166,0,west,self-employed,-1.171,0
2276,32771.0,22,0.139,1,west,employed,-1.113,0
2277,,65,0.096,2,south,employed,-0.872,1
2278,27976.0,54,0.15,3,south,employed,-0.902,0
2279,23788.0,23,0.773,1,south,employed,1.004,1
2280,61069.0,53,0.248,1,north,self-employed,-1.257,0
2281,44293.0,37,0.615,0,north,employed,0.841,0
2282,37448.0,28,0.574,3,west,self-employed,-2.3,1
2283,10773.0,63,0.499,0,east,self-employed,-0.802,1
2284,43893.0,31,0.075,1,north,self-employed,-0.527,0
2285,34121.0,48,0.418,0,north,employed,-0.428,0
2286,37549.0,34,0.706,0,east,self-employed,0.259,0
2287,24356.0,55,0.313,1,islands,employed,-0.116,0
2288,,66,0.613,2,south,employed,1.03,0
2289,35662.0,56,0.792,1,south,employed,-0.178,0
2290,31746.0,24,0.384,1,east,self-employed,-0.895,0
2291,16456.0,24,0.569,1,north,self-employed,-0.936,1
2292,32463.0,24,0.161,1,west,employed,0.407,0
2293,20730.0,34,0.31,1,west,employed,0.025,0
2294,70916.0,34,0.57,1,east,employed,1.695,0
2295,40506.0,55,0.263,1,east,employed,-0.834,0
2296,26425.0,43,0.722,1,south,self-employed,-0.47,0
2297,32637.0,39,0.563,5,south,employed,-0.124,0
2298,73829.0,40,0.414,1,west,employed,-1.565,0
2299,38329.0,69,0.108,0,west,employed,-2.888,0
2300,35501.0,38,0.587,4,north,employed,0.673,0
2301,90421.0,30,0.295,1,east,retired,-1.836,0
2302,,51,0.139,1,north,,0.248,0
2303,56167.0,46,0.192,4,north,self-employed,0.181,0
2304,29965.0,37,0.328,0,west,self-employed,0.275,1
2305,29530.0,26,0.493,3,north,unemployed,-1.116,1
2306,54472.0,48,0.382,0,north,employed,1.894,0
2307,34881.0,54,0.149,2,south,employed,-1.391,0
2308,42741.0,46,0.212,2,south,employed,-2.074,0
2309,34579.0,46,0.297,1,south,retired,-0.923,0
2310,35720.0,40,0.332,2,west,employed,-0.382,0
2311,33414.0,37,1.091,0,west,employed,0.229,0
2312,18506.0,29,0.263,1,south,employed,-0.851,0
2313,68556.0,53,0.815,3,south,retired,-0.096,0
2314,26468.0,27,0.292,2,west,self-employed,0.343,1
2315,19635.0,66,0.234,0,east,self-employed,-0.889,1
2316,37182.0,35,0.276,2,south,employed,1.441,1
2317,25723.0,69,0.64,1,north,employed,1.255,1
2318,67094.0,64,0.961,1,south,employed,0.047,0
2319,49196.0,36,0.842,2,north,self-employed,0.158,0
2320,26632.0,69,0.676,0,north,self-employed,0.247,1
2321,22945.0,24,0.202,1,north,employed,1.11,1
2322,49267.0,26,0.519,1,west,employed,1.252,0
2323,25218.0,32,0.062,2,west,employed,-0.379,0
2324,18003.0,66,0.324,1,north,employed,-0.091,1
2325,15564.0,69,0.092,1,east,employed,-1.024,0
2326,50846.0,35,0.371,1,south,employed,-1.368,0
2327,16362.0,57,0.953,3,south,employed,1.532,1
2328,19794.0,32,0.989,1,south,self-employed,-1.088,1
2329,50389.0,32,0.219,1,west,self-employed,-0.457,0
2330,53352.0,25,0.615,1,east,self-employed,-1.114,0
2331,19878.0,40,0.539,3,south,self-employed,-0.971,1
2332,26282.0,30,0.543,2,east,employed,0.587,0
2333,,41,0.253,0,south,employed,0.437,0
2334,39618.0,26,0.245,0,east,unemployed,0.165,1
2335,28292.0,66,0.225,0,south,employed,0.254,0
2336,37813.0,35,0.345,2,east,unemployed,-0.245,0
2337,43932.0,30,0.752,3,north,unemployed,-1.013,1
2338,20562.0,68,0.119,1,east,employed,0.474,0
2339,21449.0,39,0.768,4,west,employed,1.92,0
2340,62223.0,65,0.633,2,east,employed,-0.75,1
2341,85736.0,61,0.414,1,west,employed,1.456,0
2342,56101.0,60,0.35,2,south,employed,0.518,0
2343,32478.0,42,0.335,0,north,unemployed,-1.074,1
2344,25407.0,58,0.249,0,west,employed,0.665,0
2345,36760.0,35,0.494,0,south,retired,-1.57,0
2346,60403.0,44,0.285,1,north,self-employed,0.612,0
2347,67045.0,31,0.132,3,south,employed,-0.134,0
2348,,35,0.182,1,north,employed,-0.079,0
2349,43670.0,54,0.694,1,south,unemployed,1.187,1
2350,17370.0,41,0.15,3,south,self-employed,1.587,0
2351,33400.0,65,0.895,1,east,self-employed,-0.766,0
2352,,51,0.097,1,east,employed,0.856,0
2353,33329.0,46,0.701,1,east,employed,-0.16,0
2354,44927.0,46,0.454,1,north,self-employed,2.044,0
2355,55993.0,38,0.157,1,east,employed,0.941,0
2356,53821.0,47,0.85,0,west,unemployed,0.003,0
2357,37551.0,37,0.659,3,west,employed,-0.397,0
2358,27011.0,36,0.425,0,north,employed,1.385,0
2359,12131.0,28,0.395,2,west,employed,-1.282,0
2360,,28,0.339,1,west,,-0.192,0
2361,,54,0.304,1,north,employed,2.269,0
2362,51128.0,51,0.367,2,east,employed,-1.17,0
2363,39599.0,30,0.465,1,south,employed,1.405,0
2364,63311.0,55,0.004,0,north,unemployed,0.472,0
2365,19452.0,41,0.159,4,north,unemployed,0.762,0
2366,14712.0,69,0.425,2,east,employed,0.39,0
2367,48263.0,55,1.012,2,south,employed,3.429,0
2368,86978.0,62,0.251,2,west,employed,-1.028,0
2369,,57,0.517,0,north,employed,-0.755,0
2370,27204.0,52,0.35,1,east,employed,1.027,0
2371,55648.0,41,0.658,2,north,,-1.746,0
2372,72217.0,47,0.181,1,east,unemployed,0.691,0
2373,19511.0,42,0.417,1,south,employed,1.406,0
2374,30144.0,29,0.01,6,south,unemployed,0.014,1
2375,59172.0,51,0.511,1,north,unemployed,0.138,0
2376,40465.0,50,0.456,0,west,self-employed,0.445,0
2377,24047.0,30,0.153,0,south,employed,-1.253,0
2378,,22,0.515,3,north,employed,-0.918,0
2379,23033.0,29,0.632,0,south,unemployed,0.358,0
2380,17277.0,37,0.439,1,south,employed,0.158,1
2381,41851.0,29,0.15,1,south,unemployed,-0.837,0
2382,18762.0,25,0.45,0,west,employed,-0.24,0
2383,33696.0,27,0.009,2,north,self-employed,0.144,1
2384,22425.0,69,0.471,2,north,employed,-0.937,1
2385,44311.0,54,0.179,4,south,employed,-0.826,0
2386,29856.0,58,0.165,2,north,employed,-0.182,0
2387,31324.0,38,0.069,0,south,unemployed,1.374,0
2388,16508.0,33,0.483,4,west,employed,-0.222,1
2389,39933.0,28,0.712,0,north,employed,-1.473,0
2390,28541.0,61,0.887,0,south,employed,-0.529,0
2391,23828.0,35,0.437,1,north,employed,0.53,0
2392,43635.0,40,0.434,1,north,employed,1.629,0
2393,55583.0,36,0.401,1,north,employed,1.959,0
2394,81794.0,37,0.212,0,east,unemployed,0.297,1
2395,38920.0,64,0.855,0,south,employed,1.606,0
2396,39696.0,52,0.487,3,south,employed,-0.169,1
2397,22176.0,63,0.379,0,west,employed,-0.352,0
2398,25304.0,32,0.608,1,north,employed,-0.859,0
2399,63203.0,43,0.615,1,north,employed,1.351,0
2400,28375.0,23,0.534,0,south,employed,-0.371,0
2401,87481.0,58,0.868,1,north,employed,-1.354,0
2402,19233.0,46,0.269,3,north,self-employed,-0.396,0
2403,33037.0,50,0.329,1,south,employed,-0.198,0
2404,32538.0,63,0.258,0,east,employed,-0.081,0
2405,25652.0,22,0.11,0,west,employed,-0.087,1
2406,30810.0,33,0.498,2,west,employed,-0.605,1
2407,32635.0,59,0.422,0,west,employed,0.301,0
2408,39102.0,43,0.297,0,north,unemployed,0.215,0
2409,34428.0,24,0.383,2,north,employed,-0.224,0
2410,60303.0,24,0.631,1,south,employed,0.253,0
2411,124579.0,60,0.087,0,south,retired,0.982,0
2412,52213.0,69,1.001,1,west,employed,-0.263,0
2413,43976.0,31,0.262,0,south,employed,0.051,1
2414,22034.0,27,0.092,1,west,employed,1.295,0
2415,27519.0,55,0.519,3,north,employed,2.045,0
2416,15498.0,57,0.32,0,east,employed,0.268,0
2417,46039.0,29,0.846,0,west,employed,-0.376,0
2418,17290.0,38,0.302,0,north,employed,1.155,1
2419,50875.0,58,0.304,1,north,self-employed,-1.262,0
2420,24840.0,25,0.289,1,south,employed,0.343,0
2421,43357.0,35,0.936,1,east,self-employed,0.207,1
2422,47026.0,65,0.255,1,east,employed,0.751,1
2423,14146.0,27,0.558,3,north,,0.794,0
2424,24401.0,26,0.585,1,south,employed,-0.83,0
2425,43417.0,58,0.135,0,west,employed,-1.812,0
2426,46118.0,24,0.271,0,west,unemployed,1.008,0
2427,,33,0.168,2,west,self-employed,-1.867,0
2428,30604.0,39,0.603,0,south,self-employed,1.142,1
2429,34670.0,69,0.409,0,east,employed,0.636,0
2430,88638.0,28,0.729,0,south,employed,0.247,0
2431,40120.0,43,0.414,0,south,unemployed,0.057,1
2432,54784.0,55,0.345,2,north,employed,-0.731,0
2433,31837.0,27,0.148,0,south,employed,-0.001,1
2434,17115.0,65,0.73,1,south,employed,0.221,0
2435,45854.0,62,0.058,1,north,,-0.351,0
2436,47703.0,29,0.546,3,north,employed,0.004,0
2437,58193.0,59,0.274,2,east,employed,-2.076,0
2438,23164.0,58,0.323,0,north,self-employed,-2.809,0
2439,25506.0,59,0.475,0,west,employed,1.924,0
2440,12328.0,45,0.316,0,north,employed,0.539,0
2441,48069.0,53,0.804,2,south,retired,0.961,1
2442,54538.0,26,0.766,1,east,self-employed,-0.883,0
2443,25953.0,51,0.672,0,west,unemployed,-0.997,1
2444,29132.0,42,0.802,3,south,employed,0.923,1
2445,32613.0,47,0.853,1,west,employed,0.918,0
2446,80431.0,48,0.149,2,north,employed,-0.074,0
2447,57153.0,30,0.826,1,east,employed,1.996,1
2448,64217.0,34,0.464,2,south,retired,-0.994,0
2449,,32,0.238,1,east,,-0.229,0
2450,29076.0,26,0.93,1,west,employed,0.013,0
2451,62976.0,30,0.4,2,south,employed,0.182,0
2452,15851.0,49,0.749,1,south,,0.84,0
2453,46924.0,33,0.413,0,north,self-employed,1.18,0
2454,18962.0,62,0.758,1,south,employed,-0.264,1
2455,53772.0,24,0.585,0,west,self-employed,-0.388,0
2456,46810.0,38,0.677,1,north,employed,0.218,0
2457,23283.0,64,0.33,1,north,retired,0.678,0
2458,40502.0,24,0.299,0,north,unemployed,-0.102,1
2459,20595.0,51,0.295,0,north,employed,0.096,1
2460,21485.0,51,0.24,1,south,self-employed,1.019,0
2461,29795.0,63,0.555,1,west,,-0.583,0
2462,,67,0.335,2,east,employed,-1.456,0
2463,59443.0,33,0.202,3,north,self-employed,-0.624,0
2464,102938.0,68,0.234,0,north,unemployed,-0.275,0
2465,36328.0,22,0.972,0,south,employed,-0.424,0
2466,36169.0,62,0.123,1,west,self-employed,2.022,0
2467,52609.0,38,0.573,1,west,employed,-1.923,0
2468,30874.0,25,0.39,3,south,employed,0.401,1
2469,45353.0,46,0.771,2,islands,unemployed,2.315,1
2470,14127.0,45,0.333,0,north,employed,0.415,0
2471,25555.0,30,1.002,0,south,self-employed,0.012,1
2472,16714.0,46,0.562,1,west,self-employed,-0.648,1
2473,13890.0,67,0.288,2,east,employed,-0.113,0
2474,,28,0.294,0,west,self-employed,-0.251,0
2475,31035.0,43,0.78,1,west,employed,-0.635,0
2476,79058.0,24,0.134,2,north,employed,-0.153,0
2477,76576.0,35,0.34,1,east,employed,0.705,0
2478,34948.0,51,0.718,2,north,employed,0.361,1
2479,29286.0,26,0.351,2,north,unemployed,0.559,1
2480,24722.0,24,0.1,3,west,employed,-0.851,0
2481,10642.0,58,0.861,1,east,retired,0.842,0
2482,27602.0,64,0.265,0,south,employed,-0.922,1
2483,31429.0,39,0.409,1,north,employed,0.033,1
2484,25739.0,44,0.299,0,south,employed,-0.383,0
2485,22170.0,63,0.315,1,west,employed,1.938,0
2486,34492.0,26,0.267,3,islands,employed,-1.144,0
2487,29932.0,55,0.869,1,north,unemployed,1.056,1
2488,,39,0.519,0,east,self-employed,-0.913,1
2489,21976.0,60,0.624,3,west,employed,1.337,0
2490,92122.0,53,0.784,1,east,employed,-0.476,0
2491,47152.0,21,0.189,1,south,employed,-0.758,0
2492,33183.0,32,0.382,0,north,self-employed,1.01,0
2493,24317.0,66,0.187,0,north,employed,1.657,0
2494,22163.0,31,0.586,2,east,unemployed,1.921,1
2495,53312.0,63,0.198,0,west,self-employed,-0.286,0
2496,29290.0,38,0.237,1,north,self-employed,-2.575,0
2497,36840.0,45,0.581,0,north,employed,0.024,0
2498,44177.0,29,0.509,0,east,employed,-0.967,0
2499,,30,0.102,2,east,retired,0.677,0
2500,40830.0,22,0.164,1,west,self-employed,-0.138,0
2501,14192.0,62,0.601,3,north,employed,-0.525,1
2502,22202.0,69,0.155,2,north,employed,-1.203,0
2503,13685.0,40,0.267,2,south,self-employed,0.42,1
2504,29265.0,53,0.609,1,south,employed,-0.47,0
2505,29028.0,66,0.308,1,north,employed,0.168,0
2506,86205.0,62,0.516,1,north,,0.527,0
2507,24230.0,46,0.366,1,south,self-employed,-0.262,0
2508,38491.0,53,0.376,2,east,self-employed,-0.303,0
2509,44048.0,57,0.589,0,north,employed,1.089,0
2510,71749.0,32,0.244,1,west,employed,0.582,0
2511,44838.0,52,0.484,0,south,employed,1.441,0
2512,51786.0,52,0.197,1,west,employed,0.164,0
2513,87299.0,37,0.574,1,south,unemployed,-2.465,0
2514,15479.0,45,0.439,2,south,self-employed,-0.668,0
2515,26723.0,57,0.237,1,south,self-employed,-1.178,1
2516,29529.0,32,0.187,1,north,self-employed,-0.097,0
2517,34471.0,57,0.308,0,north,unemployed,-0.109,0
2518,,41,0.362,2,south,employed,0.756,0
2519,60686.0,57,0.174,3,south,employed,0.28,0
2520,26137.0,39,0.414,2,west,employed,0.005,0
2521,25713.0,29,0.516,1,north,self-employed,1.087,1
2522,44790.0,69,0.167,0,east,employed,-1.123,0
2523,24582.0,29,0.829,2,east,self-employed,0.73,1
2524,21064.0,63,0.544,0,east,employed,-0.112,0
2525,18532.0,34,0.176,1,east,employed,-0.508,1
2526,33198.0,32,0.426,0,north,employed,-0.031,0
2527,58903.0,36,0.586,1,north,employed,-0.175,0
2528,52696.0,22,0.476,2,south,employed,0.142,1
2529,,51,0.292,0,north,retired,-1.245,1
2530,37553.0,50,0.608,1,south,,0.279,1
2531,26820.0,33,0.201,1,south,employed,-0.262,1
2532,33760.0,21,0.177,0,east,employed,0.202,0
2533,19218.0,26,0.251,2,west,employed,-0.179,1
2534,,66,0.583,1,south,self-employed,-0.913,0
2535,58285.0,25,0.091,3,south,employed,-1.119,0
2536,15746.0,69,0.384,1,north,self-employed,-0.306,1
2537,68355.0,59,0.225,4,east,self-employed,-0.498,0
2538,12045.0,43,0.511,4,west,,2.082,1
2539,24023.0,61,0.293,1,east,unemployed,-0.929,0
2540,20658.0,27,0.265,2,east,self-employed,1.958,1
2541,24705.0,69,0.111,0,west,self-employed,0.294,0
2542,29590.0,53,0.24,1,north,employed,1.166,0
2543,66032.0,39,0.398,1,south,unemployed,-1.64,0
2544,21374.0,63,0.872,4,south,employed,1.218,1
2545,22259.0,25,0.358,0,south,employed,0.83,0
2546,24361.0,50,0.296,0,west,self-employed,0.589,0
2547,26776.0,47,0.443,1,north,employed,1.099,0
2548,25598.0,60,0.659,0,east,employed,0.04,0
2549,18117.0,24,0.444,1,north,employed,-0.605,1
2550,39964.0,58,0.591,0,north,employed,-0.625,1
2551,32935.0,21,0.383,2,north,,0.281,0
2552,,26,0.418,1,east,employed,-1.721,0
2553,65184.0,55,0.345,0,east,employed,-0.049,0
2554,16156.0,50,0.063,1,south,retired,1.78,0
2555,77214.0,27,0.518,1,west,self-employed,-0.394,1
2556,45446.0,37,0.016,2,north,employed,-1.269,1
2557,66289.0,31,0.725,2,south,self-employed,0.737,0
2558,33629.0,67,0.775,2,north,unemployed,0.855,0
2559,48654.0,48,0.569,1,south,employed,-0.693,1
2560,46657.0,58,0.494,2,north,self-employed,-0.302,0
2561,68933.0,25,0.446,0,north,,-1.508,0
2562,25988.0,25,0.183,1,west,employed,0.711,0
2563,26104.0,66,0.447,2,south,employed,-0.341,0
2564,31105.0,36,0.135,1,south,employed,-0.412,0
2565,69416.0,33,0.388,0,north,employed,1.49,0
2566,75761.0,42,0.551,0,east,employed,-2.497,0
2567,20269.0,34,0.379,1,north,employed,-0.379,0
2568,46306.0,68,0.283,3,north,employed,-0.773,0
2569,34947.0,39,0.349,2,south,unemployed,-0.872,0
2570,31600.0,57,0.641,0,north,employed,-0.559,1
2571,46523.0,66,0.869,0,east,employed,1.202,1
2572,90149.0,61,0.027,2,east,employed,-0.564,0
2573,47883.0,44,0.744,0,south,employed,-0.404,1
2574,,29,0.722,2,south,self-employed,0.66,0
2575,26118.0,25,0.639,1,north,employed,0.717,1
2576,46076.0,48,0.705,1,east,self-employed,1.101,1
2577,40856.0,31,0.9,0,south,self-employed,1.447,1
2578,63260.0,56,0.737,0,south,employed,0.11,0
2579,72334.0,55,0.525,0,east,employed,1.089,0
2580,40845.0,35,0.673,0,north,,0.315,0
2581,48881.0,37,0.807,0,south,employed,-0.303,0
2582,83295.0,67,0.489,1,west,retired,1.339,0
2583,,27,0.703,1,west,employed,-1.017,0
2584,23037.0,32,0.177,2,west,employed,0.04,1
2585,17699.0,58,0.454,2,east,employed,-1.486,0
2586,18287.0,62,0.234,0,north,employed,0.452,0
2587,15040.0,66,0.092,2,east,employed,-0.226,0
2588,43923.0,59,0.498,2,north,self-employed,1.472,0
2589,19333.0,48,0.66,3,west,employed,-0.484,1
2590,50847.0,67,0.422,1,north,self-employed,-0.971,0
2591,23981.0,22,0.407,3,north,employed,-0.502,1
2592,,60,0.69,0,south,employed,-0.555,1
2593,49533.0,32,0.804,1,islands,unemployed,-1.623,0
2594,39059.0,53,0.316,2,west,employed,0.462,0
2595,,55,0.407,0,west,self-employed,-0.662,0
2596,18909.0,51,0.258,0,west,retired,-0.088,0
2597,10473.0,46,0.488,1,south,retired,0.002,1
2598,27181.0,30,0.173,1,south,,-0.664,1
2599,44567.0,65,0.353,2,west,employed,-0.242,0
2600,18546.0,25,0.641,0,south,unemployed,0.099,0
2601,49333.0,23,0.798,0,north,unemployed,0.558,1
2602,47972.0,41,0.155,0,west,employed,-0.204,0
2603,37731.0,58,0.245,2,west,self-employed,1.1,1
2604,40475.0,40,0.25,4,west,retired,-1.021,0
2605,33901.0,67,0.122,0,east,self-employed,0.045,1
2606,38125.0,36,0.427,0,north,employed,0.1,0
2607,18789.0,49,0.171,1,east,retired,-0.663,0
2608,60075.0,41,0.828,2,west,unemployed,0.775,1
2609,42080.0,27,0.487,1,west,employed,0.567,1
2610,46371.0,38,0.325,0,south,employed,1.229,0
2611,24326.0,68,0.875,1,west,self-employed,-0.393,0
2612,,29,0.386,0,north,self-employed,-0.572,0
2613,65551.0,27,0.851,2,south,employed,0.06,1
2614,,54,0.758,0,west,self-employed,-1.764,0
2615,29943.0,47,0.162,2,north,self-employed,-0.683,0
2616,33439.0,33,0.207,1,west,employed,1.555,0
2617,40054.0,58,0.163,0,west,employed,-0.427,0
2618,41639.0,43,0.313,1,north,employed,1.099,0
2619,35027.0,42,0.368,1,south,employed,-1.048,0
2620,17272.0,60,0.72,2,south,employed,1.167,1
2621,30798.0,69,0.275,2,north,,0.192,0
2622,33797.0,26,0.24,0,east,employed,1.636,1
2623,46265.0,25,0.419,0,east,self-employed,0.113,1
2624,39838.0,63,0.368,0,north,unemployed,1.934,1
2625,62400.0,32,0.4,2,north,self-employed,1.44,0
2626,53857.0,68,0.128,1,south,employed,1.127,0
2627,18681.0,25,0.707,2,north,unemployed,-1.515,1
2628,36582.0,49,0.751,1,west,self-employed,-0.606,0
2629,44121.0,53,0.417,1,south,unemployed,0.407,0
2630,27453.0,47,0.132,2,west,retired,0.085,1
2631,,33,0.574,1,west,employed,0.87,0
2632,26874.0,36,0.085,0,north,retired,-1.616,0
2633,18546.0,61,0.04,1,west,employed,0.74,0
2634,14564.0,21,0.164,2,east,employed,-0.673,1
2635,28031.0,24,0.697,2,south,employed,-0.376,0
2636,28100.0,52,0.161,0,south,employed,0.52,0
2637,29368.0,38,0.399,1,north,retired,0.644,1
2638,11736.0,21,0.542,2,west,retired,-1.343,1
2639,35736.0,55,0.361,2,north,employed,-0.853,0
2640,63224.0,68,0.568,1,south,self-employed,-0.922,0
2641,,28,0.36,1,west,employed,-1.614,1
2642,48229.0,26,0.5,0,south,employed,-0.643,0
2643,26192.0,69,0.134,0,south,retired,0.083,0
2644,23686.0,59,0.065,3,south,employed,-0.037,0
2645,70212.0,25,0.161,0,south,self-employed,-0.963,0
2646,51562.0,21,0.215,1,east,unemployed,-0.42,1
2647,56003.0,24,1.125,1,north,employed,-1.98,0
2648,115829.0,66,0.554,2,north,employed,-0.436,0
2649,36153.0,30,0.911,2,south,employed,0.284,1
2650,35868.0,21,0.292,0,south,,-0.615,0
2651,38896.0,40,0.112,2,north,employed,-0.44,0
2652,74436.0,41,0.539,3,west,employed,0.161,0
2653,58240.0,28,0.982,0,west,unemployed,1.191,1
2654,23252.0,25,0.081,2,south,self-employed,1.24,0
2655,24068.0,49,0.688,0,north,self-employed,-1.039,0
2656,43796.0,44,0.051,1,south,employed,-1.17,0
2657,46786.0,65,0.143,3,north,employed,-0.331,0
2658,45926.0,60,0.735,1,north,unemployed,-0.686,1
2659,47800.0,52,0.219,1,south,employed,-0.735,0
2660,33011.0,35,0.249,0,west,unemployed,-0.267,1
2661,49432.0,49,0.414,0,south,retired,0.358,0
2662,50127.0,34,0.728,1,north,retired,-0.902,0
2663,23219.0,43,0.777,1,north,retired,-0.346,0
2664,19364.0,45,0.543,0,south,self-employed,-0.242,1
2665,,55,0.383,0,south,retired,0.067,1
2666,29597.0,59,0.337,0,south,unemployed,2.398,0
2667,17680.0,52,0.296,4,north,employed,0.975,1
2668,53488.0,54,0.476,1,south,employed,-0.172,0
2669,44841.0,65,0.336,2,east,self-employed,-0.864,0
2670,72937.0,58,0.553,2,west,employed,0.75,0
2671,35358.0,37,1.004,1,west,employed,-0.711,1
2672,37714.0,58,0.108,1,north,,-1.81,1
2673,17644.0,60,0.33,0,north,employed,-0.303,0
2674,73520.0,61,0.217,0,north,employed,-0.93,0
2675,49427.0,40,0.629,1,west,employed,0.996,0
2676,56768.0,47,0.226,1,north,employed,0.582,0
2677,32022.0,24,0.198,1,north,employed,-0.274,1
2678,35215.0,48,0.175,0,north,self-employed,0.163,0
2679,42725.0,53,0.316,0,north,employed,0.564,0
2680,24811.0,54,0.247,0,south,employed,-1.096,0
2681,24560.0,46,0.592,0,east,,-0.563,0
2682,98333.0,49,0.567,4,west,employed,-0.638,0
2683,42965.0,37,0.202,3,north,employed,0.015,0
2684,25617.0,37,0.508,1,west,unemployed,0.032,1
2685,17742.0,25,0.05,0,south,self-employed,-0.008,1
2686,20061.0,37,0.162,1,south,,0.899,0
2687,42583.0,46,0.475,0,north,self-employed,-1.403,1
2688,22364.0,21,0.738,1,north,self-employed,-1.531,0
2689,20997.0,67,0.187,1,south,self-employed,-0.141,1
2690,32489.0,66,0.449,0,south,employed,0.525,0
2691,43182.0,33,0.882,4,south,employed,1.118,0
2692,68557.0,45,0.392,1,north,employed,0.014,0
2693,23917.0,37,0.39,3,west,employed,-0.155,0
2694,25434.0,24,0.628,2,south,employed,1.579,0
2695,43352.0,49,0.677,1,south,self-employed,-0.356,1
2696,28269.0,65,0.175,2,north,retired,-0.72,0
2697,54783.0,38,0.487,0,south,employed,-1.553,0
2698,28515.0,53,0.257,0,east,self-employed,-1.364,0
2699,18518.0,30,0.572,2,east,self-employed,0.1,0
2700,25214.0,68,0.169,0,south,self-employed,-0.329,0
2701,16548.0,56,1.045,4,south,self-employed,0.743,1
2702,27598.0,28,0.387,0,west,self-employed,-1.043,0
2703,45766.0,52,0.193,2,north,employed,1.091,0
2704,36923.0,40,0.214,1,south,retired,0.924,1
2705,33927.0,63,0.537,0,east,employed,1.201,1
2706,18971.0,32,0.474,1,south,unemployed,-0.76,1
2707,24585.0,59,0.325,2,west,employed,0.928,0
2708,29614.0,38,0.285,2,east,,0.852,1
2709,40675.0,58,0.219,1,south,employed,-1.783,0
2710,127208.0,31,1.124,0,south,retired,0.988,1
2711,25494.0,23,0.833,5,south,employed,-1.09,1
2712,57532.0,28,0.347,1,west,employed,-0.167,0
2713,20159.0,29,0.452,1,south,retired,-1.814,0
2714,,51,0.411,2,south,unemployed,-0.447,0
2715,13380.0,41,0.137,1,east,employed,0.99,0
2716,24241.0,25,0.162,1,south,employed,-1.392,0
2717,60399.0,56,0.357,1,south,self-employed,-0.54,0
2718,35413.0,37,0.236,1,south,self-employed,0.314,0
2719,65883.0,68,0.321,1,south,employed,-1.139,1
2720,27880.0,42,0.492,1,west,retired,-0.825,1
2721,60977.0,68,0.471,2,west,employed,0.91,0
2722,27094.0,68,0.461,2,west,employed,0.882,0
2723,55725.0,50,0.679,1,west,employed,-0.852,0
2724,80967.0,49,0.038,1,east,self-employed,-0.327,0
2725,31896.0,43,0.793,2,south,employed,-0.414,0
2726,18204.0,35,0.355,2,north,employed,0.421,0
2727,89600.0,36,0.352,0,north,employed,-0.113,0
2728,23140.0,35,0.279,2,south,employed,0.304,0
2729,26945.0,69,0.209,4,east,unemployed,0.768,1
2730,30608.0,61,0.107,1,west,employed,-0.974,0
2731,,26,0.382,0,north,retired,-0.434,1
2732,50464.0,59,0.428,2,east,employed,-0.558,0
2733,49614.0,51,0.43,2,north,employed,-0.776,0
2734,31184.0,48,0.655,1,north,unemployed,-0.621,0
2735,32468.0,35,0.461,1,south,employed,-0.133,0
2736,53953.0,53,0.342,0,east,retired,0.35,0
2737,82319.0,49,0.313,0,west,retired,0.654,1
2738,19181.0,46,0.217,2,south,self-employed,1.43,0
2739,67051.0,42,0.153,1,west,,0.901,0
2740,58118.0,69,0.33,1,south,employed,-0.298,0
2741,49976.0,58,0.518,1,north,employed,2.068,0
2742,25374.0,69,0.686,2,west,self-employed,-0.838,1
2743,37834.0,28,0.374,0,east,unemployed,-0.874,1
2744,43786.0,64,0.164,1,north,unemployed,-1.799,1
2745,26194.0,21,0.229,1,east,employed,-2.625,0
2746,65178.0,51,0.221,0,east,employed,0.339,1
2747,28579.0,56,0.879,0,north,employed,-1.259,1
2748,78105.0,26,0.711,1,north,self-employed,-0.892,1
2749,17131.0,49,0.244,1,east,employed,0.585,1
2750,18234.0,51,0.435,2,east,unemployed,1.571,0
2751,14047.0,40,0.892,0,west,employed,-0.034,0
2752,51764.0,55,0.445,2,south,self-employed,-0.277,1
2753,23046.0,28,0.638,2,south,self-employed,-0.961,1
2754,24022.0,40,0.278,1,south,employed,1.251,0
2755,57159.0,32,1.07,0,south,employed,0.007,1
2756,86338.0,54,0.61,3,south,employed,0.79,0
2757,24837.0,65,0.303,0,south,employed,1.218,0
2758,71657.0,23,0.396,2,east,employed,-0.396,0
2759,47430.0,40,0.379,2,south,employed,0.083,0
2760,35940.0,39,0.563,2,south,employed,0.108,0
2761,,46,0.134,0,north,employed,-2.03,0
2762,17849.0,22,0.541,1,south,employed,1.437,0
2763,,27,0.908,1,north,,0.222,1
2764,38622.0,47,0.117,1,south,self-employed,-0.502,1
2765,25562.0,21,0.529,1,north,self-employed,-0.2,0
2766,,30,0.349,1,west,employed,-0.655,0
2767,18689.0,69,0.575,2,south,employed,1.022,0
2768,43150.0,27,1.004,2,south,employed,-0.987,0
2769,50640.0,21,0.742,1,north,employed,-0.115,0
2770,51788.0,60,0.442,3,north,employed,-1.173,0
2771,49124.0,55,0.389,1,north,employed,0.9,0
2772,27524.0,60,0.149,3,east,self-employed,0.271,0
2773,80455.0,49,0.298,0,east,employed,0.561,0
2774,21816.0,60,0.893,1,south,employed,-0.339,1
2775,48041.0,40,0.197,0,west,,0.361,0
2776,29549.0,50,0.449,3,south,employed,-0.693,0
2777,20660.0,58,0.374,0,east,retired,-0.56,0
2778,26141.0,36,0.194,1,east,employed,0.203,0
2779,47484.0,49,0.254,0,west,self-employed,-0.119,0
2780,62279.0,22,0.948,2,east,self-employed,0.466,0
2781,42488.0,39,0.191,1,south,employed,0.254,0
2782,8332.0,32,0.415,0,west,employed,-0.7,0
2783,52224.0,69,0.509,1,east,retired,-1.785,0
2784,12483.0,67,0.445,6,south,self-employed,-0.362,1
2785,94836.0,66,0.91,1,east,employed,0.958,0
2786,40310.0,42,0.348,1,south,employed,0.715,0
2787,38930.0,48,0.087,0,west,employed,0.055,0
2788,59789.0,54,0.148,0,north,retired,1.125,0
2789,31396.0,33,0.559,4,east,employed,0.944,1
2790,31802.0,50,0.456,2,west,employed,0.152,0
2791,29886.0,65,0.199,1,west,employed,0.568,1
2792,,61,0.321,1,south,employed,0.972,0
2793,37717.0,43,0.876,1,south,employed,-0.493,0
2794,,51,0.515,1,south,employed,1.065,0
2795,6845.0,55,0.474,1,north,employed,-1.137,1
2796,34506.0,55,0.166,2,south,retired,1.04,0
2797,16271.0,56,0.393,1,west,employed,1.542,0
2798,141695.0,45,0.261,0,east,employed,0.451,0
2799,53899.0,34,0.462,1,west,retired,-0.678,0
2800,57687.0,22,0.198,1,south,employed,0.73,1
2801,45885.0,44,0.628,1,north,employed,-1.643,0
2802,50628.0,50,0.581,2,north,self-employed,1.157,1
2803,23077.0,38,0.221,0,south,employed,0.197,0
2804,53691.0,51,0.614,1,west,employed,-0.899,0
2805,55595.0,21,0.462,0,east,retired,-0.412,1
2806,39618.0,64,0.334,1,north,retired,1.12,0
2807,53340.0,62,0.446,5,south,employed,0.246,1
2808,61658.0,54,0.213,1,north,,0.018,0
2809,36500.0,37,0.269,0,west,employed,0.304,0
2810,20695.0,47,0.876,0,south,employed,-1.281,0
2811,54711.0,43,0.157,2,north,employed,-0.844,0
2812,77963.0,49,0.416,2,west,employed,-1.062,0
2813,19950.0,67,0.515,0,north,employed,0.977,0
2814,,46,0.1,0,west,,0.501,0
2815,41367.0,57,0.279,1,north,self-employed,-1.378,0
2816,49437.0,58,0.511,3,north,employed,0.791,0
2817,55496.0,24,0.264,2,east,self-employed,-0.793,0
2818,21349.0,55,0.517,1,north,employed,0.637,1
2819,42057.0,22,0.301,1,west,employed,1.507,1
2820,60613.0,49,0.563,1,south,employed,-0.913,0
2821,74179.0,45,0.552,2,north,self-employed,1.73,1
2822,56281.0,40,0.691,2,north,employed,-0.741,0
2823,22784.0,28,0.415,2,north,retired,-0.04,1
2824,40272.0,58,0.174,1,east,self-employed,0.399,1
2825,32107.0,23,0.362,3,south,retired,0.242,1
2826,37533.0,47,1.257,1,north,employed,1.997,0
2827,63462.0,64,0.185,1,south,unemployed,0.419,0
2828,18077.0,33,0.077,1,north,employed,1.621,0
2829,47243.0,55,0.141,1,north,employed,0.595,0
2830,45477.0,37,0.279,2,east,employed,0.224,0
2831,22349.0,21,0.607,0,north,,-0.607,0
2832,63972.0,24,0.358,1,north,employed,-0.687,1
2833,27105.0,52,0.6,0,east,employed,-0.396,0
2834,37184.0,26,0.583,3,east,employed,-1.453,0
2835,9909.0,62,0.15,2,west,employed,0.36,0
2836,63760.0,64,0.564,2,east,employed,-0.298,0
2837,31560.0,47,0.65,0,north,retired,-0.246,1
2838,31035.0,59,0.275,1,east,unemployed,-0.081,1
2839,75680.0,29,0.336,1,south,employed,0.401,0
2840,13772.0,32,0.808,2,south,employed,-0.088,0
2841,56254.0,68,0.28,0,south,employed,-1.203,0
2842,61782.0,22,0.815,1,north,employed,-1.247,0
2843,13364.0,30,0.34,1,north,retired,0.078,1
2844,41497.0,23,0.233,2,south,employed,-0.365,0
2845,30008.0,63,0.68,1,north,employed,1.659,0
2846,,30,0.528,1,east,employed,-1.448,0
2847,18987.0,39,0.371,3,east,self-employed,-0.359,1
2848,52336.0,61,0.375,0,south,retired,-1.311,0
2849,65518.0,41,0.096,0,west,retired,1.206,0
2850,20663.0,27,0.316,2,east,employed,1.07,0
2851,22572.0,60,0.416,1,south,employed,-0.009,0
2852,55043.0,29,0.039,3,south,self-employed,-1.168,0
2853,123176.0,29,0.351,0,south,employed,1.101,1
2854,16590.0,56,0.091,0,north,unemployed,-0.601,0
2855,17402.0,53,0.688,1,north,employed,-0.633,1
2856,20974.0,62,0.336,2,south,,-0.251,1
2857,21138.0,61,0.421,2,south,employed,0.675,0
2858,65596.0,62,0.792,2,east,employed,-0.581,1
2859,21602.0,28,0.226,2,west,,0.934,1
2860,113559.0,68,0.175,1,north,retired,-0.523,0
2861,46085.0,40,0.488,1,east,employed,-1.231,0
2862,61270.0,51,0.406,1,west,employed,0.521,0
2863,50213.0,24,0.688,0,north,retired,-0.015,1
2864,,56,0.41,1,east,employed,-0.757,0
2865,17833.0,61,0.389,1,south,employed,-1.639,0
2866,59129.0,66,0.3,1,south,employed,0.191,0
2867,68082.0,39,0.405,3,east,employed,-1.181,0
2868,45523.0,67,0.418,3,east,self-employed,-0.204,1
2869,,32,0.326,1,south,employed,0.455,0
2870,,21,0.317,1,west,employed,-2.226,0
2871,40979.0,55,0.779,2,north,,0.349,1
2872,18252.0,57,0.24,1,south,retired,0.039,1
2873,37738.0,58,0.293,1,north,employed,-0.255,0
2874,36616.0,53,0.545,0,north,employed,-1.193,1
2875,14650.0,31,0.156,3,east,employed,-0.466,0
2876,9131.0,62,0.341,1,west,self-employed,0.37,1
2877,32008.0,46,0.332,1,west,employed,0.432,0
2878,12743.0,31,0.558,1,north,self-employed,1.734,0
2879,10885.0,39,0.163,0,west,self-employed,2.176,0
2880,14950.0,57,0.339,0,west,employed,-0.058,0
2881,40209.0,50,0.394,2,north,,0.27,0
2882,35570.0,64,0.227,1,south,employed,0.306,1
2883,37909.0,42,0.406,2,west,employed,0.712,0
2884,87330.0,23,0.312,2,south,self-employed,-0.832,1
2885,47637.0,67,0.273,2,north,employed,1.088,0
2886,80739.0,33,0.01,1,north,self-employed,1.364,0
2887,40167.0,39,0.306,0,north,employed,-0.614,0
2888,63212.0,44,0.172,2,north,retired,-1.115,0
2889,81855.0,49,0.42,1,east,employed,0.738,0
2890,101614.0,63,0.042,1,south,employed,-2.081,0
2891,32502.0,42,0.496,3,south,employed,0.79,0
2892,19540.0,65,0.238,2,west,employed,-1.973,1
2893,37481.0,37,0.422,0,north,employed,0.576,0
2894,73326.0,38,0.02,1,west,retired,-1.283,0
2895,82241.0,53,0.202,1,west,employed,1.211,0
2896,38846.0,67,0.625,0,north,retired,-1.93,0
2897,44093.0,25,0.196,3,east,retired,0.734,1
2898,82871.0,63,1.034,2,west,unemployed,-0.791,1
2899,,59,0.66,2,south,employed,0.032,0
2900,51557.0,36,0.363,1,south,employed,1.013,0
2901,58742.0,54,0.912,0,north,self-employed,0.083,0
2902,32403.0,66,0.387,1,south,self-employed,0.124,1
2903,23382.0,62,0.075,0,west,employed,1.043,0
2904,130559.0,27,0.546,1,north,self-employed,0.572,0
2905,,28,0.496,0,west,retired,-0.413,0
2906,20930.0,34,0.577,2,west,retired,-0.47,1
2907,31794.0,34,0.112,3,west,self-employed,-1.09,0
2908,39432.0,50,0.129,2,west,employed,-1.052,0
2909,42278.0,54,0.468,3,north,employed,0.584,0
2910,30685.0,27,0.563,1,north,employed,0.472,0
2911,47083.0,26,0.273,0,west,employed,-1.092,1
2912,88398.0,43,0.32,2,north,self-employed,-0.022,0
2913,,58,0.099,1,west,employed,-0.088,0
2914,37142.0,59,0.145,1,west,employed,-0.46,0
2915,74908.0,33,0.439,1,north,self-employed,-0.946,0
2916,21553.0,26,0.28,2,west,employed,0.486,0
2917,19551.0,64,0.019,3,north,employed,-0.028,0
2918,25322.0,56,0.138,2,west,self-employed,1.721,1
2919,34269.0,63,0.54,1,north,employed,-0.737,0
2920,57864.0,64,0.401,1,west,retired,-1.063,0
2921,15517.0,31,0.666,2,south,employed,1.775,0
2922,25600.0,65,1.048,0,south,employed,-1.043,1
2923,20341.0,56,0.152,0,north,employed,1.403,1
2924,15896.0,59,0.337,2,east,employed,0.225,0
2925,18585.0,44,0.158,3,north,employed,-1.495,0
2926,53569.0,54,0.722,1,north,employed,-1.719,0
2927,38265.0,44,0.771,2,north,self-employed,1.259,1
2928,39402.0,59,0.771,3,north,self-employed,-2.231,1
2929,50043.0,57,1.014,1,west,retired,-0.686,0
2930,45594.0,26,0.101,2,north,self-employed,-0.737,0
2931,45387.0,58,0.432,1,south,unemployed,-0.368,1
2932,98017.0,48,0.739,1,west,retired,0.017,0
2933,51490.0,21,0.424,4,east,employed,-0.839,0
2934,8780.0,67,0.203,1,north,retired,0.003,1
2935,48860.0,53,0.165,0,south,retired,-0.176,0
2936,60167.0,67,0.102,2,south,employed,-1.09,0
2937,47055.0,42,0.4,1,east,self-employed,-1.322,0
2938,26548.0,50,0.37,1,south,employed,0.29,0
2939,21212.0,52,0.337,0,west,retired,-1.563,0
2940,37181.0,51,0.513,0,south,unemployed,0.578,0
2941,51753.0,42,0.583,1,west,employed,0.511,0
2942,57187.0,50,0.355,1,east,employed,-1.146,0
2943,13874.0,34,0.523,2,north,employed,-0.148,1
2944,43264.0,42,0.742,0,north,,1.295,1
2945,70848.0,65,0.375,0,west,,-0.1,0
2946,,35,0.588,3,south,unemployed,-0.061,1
2947,,65,0.372,0,south,self-employed,-0.228,0
2948,25225.0,32,0.373,0,south,retired,0.758,0
2949,19280.0,36,0.281,1,south,,-1.461,0
2950,57614.0,43,0.332,1,east,employed,0.877,0
2951,79724.0,59,0.492,1,west,self-employed,0.652,0
2952,21427.0,31,0.224,1,east,retired,0.758,0
2953,37224.0,28,0.761,1,east,employed,0.245,0
2954,41132.0,32,0.478,0,north,employed,-0.877,0
2955,45224.0,42,0.232,1,south,employed,-1.119,0
2956,70032.0,25,0.511,2,east,employed,1.724,0
2957,123666.0,45,0.891,0,east,self-employed,-0.461,0
2958,26952.0,42,0.665,4,north,retired,1.557,1
2959,30887.0,31,0.334,1,north,self-employed,-0.402,0
2960,16607.0,50,0.452,1,south,employed,0.802,0
2961,54475.0,59,0.869,3,south,self-employed,-1.271,0
2962,20185.0,46,0.203,3,south,employed,-0.734,1
2963,38788.0,25,0.34,1,south,self-employed,-0.769,0
2964,46221.0,28,0.537,0,south,employed,-1.913,0
2965,72637.0,65,0.601,1,south,employed,-3.138,0
2966,35349.0,61,0.773,0,south,employed,0.525,0
2967,28186.0,64,0.106,3,north,employed,-0.9,0
2968,26034.0,54,0.756,2,west,employed,0.086,1
2969,60537.0,69,0.986,2,north,employed,-1.547,0
2970,30349.0,51,0.378,2,south,self-employed,-1.008,1
2971,37389.0,39,0.35,1,east,self-employed,2.115,0
2972,53930.0,30,0.54,0,west,employed,-0.355,0
2973,71267.0,64,0.462,2,south,self-employed,-0.457,0
2974,66205.0,57,0.243,1,east,employed,-1.569,0
2975,17468.0,46,0.622,1,south,self-employed,1.1,0
2976,20605.0,55,0.508,1,south,retired,0.897,1
2977,43729.0,57,0.59,2,north,employed,-0.064,1
2978,48953.0,42,0.067,0,south,employed,1.459,0
2979,41879.0,55,0.33,1,west,employed,1.317,0
2980,71552.0,54,0.605,1,west,employed,1.099,1
2981,80808.0,27,0.053,0,south,self-employed,-0.937,0
2982,34916.0,33,0.45,3,east,retired,1.306,0
2983,39873.0,47,0.027,2,south,self-employed,-1.212,1
2984,63907.0,48,0.049,3,east,unemployed,1.791,1
2985,57030.0,50,0.277,0,north,retired,1.803,0
2986,21561.0,41,0.642,0,west,self-employed,0.789,0
2987,18535.0,56,0.758,3,north,employed,-0.405,0
2988,14522.0,44,0.897,1,east,employed,0.236,1
2989,36018.0,51,0.495,1,north,employed,-1.232,0
2990,26670.0,44,0.371,0,north,employed,-0.84,1
2991,25452.0,51,0.429,2,east,employed,-0.595,1
2992,16314.0,40,0.576,2,north,unemployed,0.039,0
2993,35168.0,21,0.421,1,east,self-employed,-0.912,0
2994,16532.0,32,0.44,2,south,,1.767,0
2995,19712.0,27,1.095,1,north,employed,-0.97,1
2996,30005.0,42,0.529,2,south,self-employed,-0.996,0
2997,45846.0,41,0.406,3,east,self-employed,1.52,1
2998,36672.0,57,0.49,2,east,unemployed,-0.919,0
2999,51371.0,52,0.285,0,east,employed,0.518,0
3000,34815.0,51,0.446,1,north,employed,-1.489,0
