id,income,age,debt_ratio,n_loans,region,employment,random_score,loss
1,32798.0,63,0.183,2,east,employed,0.86,206.2
2,53766.0,45,0.015,0,north,self-employed,0.117,174.02
3,11898.0,27,0.54,0,west,employed,0.265,1007.16
4,29068.0,65,0.126,2,north,employed,-1.067,1084.11
5,28699.0,38,0.586,2,south,employed,0.214,728.81
6,24362.0,65,0.285,0,east,employed,1.671,662.0
7,35435.0,68,0.141,1,west,employed,-0.172,316.7
8,64417.0,64,0.615,2,west,employed,0.719,753.91
9,27810.0,32,0.471,2,south,,0.578,2276.11
10,65343.0,46,0.269,1,east,self-employed,-0.406,168.1
11,,51,0.766,3,west,,1.475,3112.39
12,56206.0,27,0.414,3,north,employed,-0.563,898.82
13,55901.0,37,0.4,2,east,retired,0.907,852.23
14,27123.0,31,0.292,2,south,self-employed,0.661,1177.29
15,17423.0,61,0.714,1,north,self-employed,1.466,2661.8
16,29486.0,64,0.538,0,south,employed,0.585,555.68
17,46785.0,68,0.833,1,east,employed,0.375,1231.96
18,64821.0,50,0.476,1,west,employed,-0.292,755.57
19,29484.0,40,0.368,0,north,employed,0.454,936.28
20,,35,1.088,0,east,unemployed,0.986,3959.75
21,37683.0,43,0.534,1,north,employed,0.359,1798.69
22,31556.0,22,0.624,1,north,employed,0.548,1256.05
23,50382.0,64,0.486,0,west,employed,-0.352,691.07
24,,54,0.504,3,north,self-employed,0.508,2196.13
25,46837.0,29,0.211,1,north,self-employed,-0.567,768.71
26,62304.0,63,1.156,2,north,employed,-0.15,1698.9
27,14587.0,68,0.978,0,south,employed,0.898,1587.65
28,,59,0.358,0,south,employed,-0.426,423.99
29,26629.0,37,0.143,1,north,self-employed,-0.131,469.76
30,19066.0,43,0.752,1,south,employed,0.246,1099.62
31,25239.0,43,0.478,4,south,employed,-0.046,1204.23
32,26374.0,32,0.583,1,south,self-employed,-0.545,3250.56
33,73851.0,41,0.291,1,north,employed,0.351,654.98
34,45959.0,25,0.304,3,north,self-employed,-0.898,730.55
35,16033.0,30,0.046,1,east,employed,-0.089,562.05
36,27154.0,60,0.197,2,north,self-employed,-0.337,924.35
37,50392.0,57,0.428,1,north,self-employed,-0.805,818.5
38,37913.0,65,0.626,1,west,self-employed,-1.642,871.91
39,27781.0,33,0.234,1,east,unemployed,0.469,2352.28
40,30292.0,63,0.433,0,west,employed,-1.54,588.37
41,57564.0,21,0.514,0,west,,-1.272,1156.39
42,48564.0,31,0.282,1,north,,-0.376,715.24
43,26629.0,24,0.185,1,south,,-0.065,1244.39
44,76277.0,37,0.173,1,south,unemployed,0.912,455.33
45,52897.0,64,0.821,1,east,employed,-1.783,1558.16
46,24051.0,44,0.359,4,west,employed,-0.858,1803.65
47,58579.0,37,0.543,1,north,unemployed,-0.602,878.03
48,,55,0.416,0,east,unemployed,1.037,512.15
49,22271.0,28,0.399,2,east,unemployed,-0.263,2656.52
50,32541.0,44,0.159,2,north,unemployed,-1.037,2095.06
51,33901.0,67,0.276,1,east,employed,0.026,3.07
52,45513.0,33,0.972,2,south,unemployed,-1.526,4357.53
53,25624.0,49,0.436,1,east,employed,1.816,753.17
54,34375.0,49,0.363,1,west,employed,1.616,1175.0
55,35971.0,30,0.792,1,north,employed,0.347,887.43
56,18042.0,69,0.094,1,south,unemployed,1.417,1239.65
57,28663.0,37,0.554,0,north,employed,-0.627,142.12
58,25055.0,55,0.371,1,south,employed,-0.093,714.65
59,37463.0,21,0.387,2,west,employed,-1.072,307.95
60,86695.0,53,0.352,1,south,employed,0.009,820.33
61,18076.0,60,0.424,1,south,employed,-2.218,1361.92
62,54890.0,50,0.543,2,north,employed,-0.811,294.15
63,42179.0,40,0.109,1,east,unemployed,-0.146,654.81
64,13847.0,38,0.302,0,north,self-employed,0.763,631.25
65,,32,0.17,5,north,self-employed,-1.064,3653.16
66,55249.0,44,0.558,1,north,employed,0.747,359.1
67,29720.0,26,0.261,0,south,,0.83,666.11
68,54360.0,53,1.157,0,south,employed,0.137,1476.66
69,46873.0,36,0.116,2,south,self-employed,0.153,892.61
70,40095.0,22,0.373,1,north,,0.365,1102.08
71,47822.0,30,0.337,2,south,self-employed,0.221,1232.89
72,43002.0,35,0.324,0,west,employed,1.536,285.53
73,48396.0,30,0.145,1,east,self-employed,-0.008,580.36
74,25086.0,53,0.459,0,north,unemployed,-0.496,1001.57
75,13700.0,54,0.911,0,north,employed,0.915,1590.31
76,14200.0,49,0.375,2,north,employed,-0.241,-48.98
77,,59,0.794,4,west,employed,1.482,1473.65
78,,61,0.305,0,north,unemployed,-0.104,1982.79
79,29454.0,35,0.261,0,east,retired,2.267,808.94
80,66136.0,42,0.803,0,south,employed,-0.773,97.77
81,41669.0,53,0.387,2,north,employed,-1.18,1106.69
82,41405.0,59,0.526,1,north,self-employed,-1.145,640.5
83,66834.0,57,0.3,1,south,employed,-0.532,149.98
84,26480.0,33,0.341,3,east,employed,1.599,1540.68
85,19280.0,67,0.341,2,west,retired,1.587,742.64
86,44659.0,50,0.637,1,north,employed,0.379,784.82
87,40194.0,32,0.23,3,north,employed,-0.772,175.26
88,97964.0,35,0.44,2,south,employed,0.382,865.19
89,65385.0,46,0.461,2,east,unemployed,-0.881,1401.64
90,,27,0.209,1,east,employed,1.409,520.02
91,32405.0,60,0.645,3,north,employed,0.853,673.29
92,13693.0,31,0.317,0,south,employed,0.197,445.18
93,9802.0,31,0.237,2,south,retired,-1.581,2429.74
94,26874.0,51,0.366,1,south,employed,0.03,494.57
95,38609.0,39,0.394,3,south,,0.548,1375.91
96,53345.0,67,0.683,1,west,unemployed,-0.521,1341.57
97,98751.0,28,0.283,2,east,employed,-0.436,760.62
98,56906.0,33,0.228,0,south,,-0.219,453.88
99,33854.0,33,0.193,0,north,employed,-0.766,-160.19
100,48537.0,46,0.569,0,west,employed,0.051,282.55
101,59601.0,59,0.432,1,north,employed,-0.495,850.14
102,57430.0,57,0.836,1,west,employed,-1.362,1346.04
103,227812.0,49,0.139,2,west,retired,0.598,444.95
104,21601.0,62,0.192,0,south,self-employed,0.851,1617.3
105,27078.0,69,0.602,1,west,self-employed,0.795,1917.14
106,30719.0,58,0.178,1,north,,0.44,687.66
107,63931.0,51,0.641,1,west,,2.019,1439.06
108,108566.0,49,0.351,2,north,self-employed,-0.432,856.96
109,40765.0,25,0.298,1,east,employed,-0.638,565.8
110,32337.0,42,0.668,3,south,employed,0.419,1750.23
111,23381.0,34,1.184,2,east,employed,-0.44,2349.35
112,78998.0,36,0.871,3,west,retired,-2.184,1646.72
113,,35,0.195,0,east,employed,1.151,96.26
114,36334.0,24,0.36,0,north,employed,-1.369,526.14
115,34201.0,65,0.23,0,south,retired,2.496,561.18
116,35234.0,48,0.394,0,east,employed,0.234,1479.58
117,102122.0,58,0.377,3,south,self-employed,-2.205,1080.3
118,,50,0.313,0,west,retired,0.413,976.05
119,51868.0,50,0.211,1,west,self-employed,-0.349,988.7
120,12356.0,64,0.748,1,north,unemployed,-0.481,1634.32
121,52597.0,25,0.172,0,south,employed,-0.239,917.71
122,64269.0,52,0.231,1,north,unemployed,-0.074,476.99
123,24244.0,41,0.31,0,north,retired,-1.198,825.46
124,38260.0,27,0.689,1,south,self-employed,0.573,583.09
125,25940.0,51,0.328,1,north,unemployed,0.44,3624.68
126,32588.0,37,0.454,2,east,self-employed,-1.284,1895.67
127,53440.0,42,0.296,3,south,self-employed,-0.218,1509.48
128,34331.0,59,0.303,0,west,employed,0.478,1163.35
129,31036.0,55,0.533,0,east,employed,-0.331,460.17
130,38516.0,34,0.278,1,south,,-0.536,960.43
131,37660.0,53,0.471,1,north,employed,-1.021,-432.84
132,49975.0,36,0.132,2,south,,-0.24,1225.11
133,43257.0,47,0.96,0,north,employed,-0.33,1150.98
134,31459.0,69,0.197,1,east,employed,0.59,1313.39
135,39830.0,43,0.324,1,south,employed,0.594,724.41
136,,24,0.636,0,north,retired,0.236,1040.6
137,36930.0,24,0.268,2,north,employed,-0.043,403.15
138,161342.0,37,0.231,0,south,employed,-1.436,653.81
139,26834.0,32,0.031,1,south,employed,-0.426,315.83
140,18083.0,44,0.343,2,north,self-employed,1.479,1159.05
141,21008.0,22,0.237,4,north,employed,-0.456,2228.38
142,60422.0,28,0.26,0,south,self-employed,-0.361,215.66
143,41519.0,56,0.567,1,north,self-employed,-1.455,1182.49
144,53214.0,46,0.186,2,south,unemployed,0.029,1879.71
145,68148.0,59,0.703,0,north,employed,1.123,1132.74
146,47416.0,42,0.533,1,north,employed,-1.369,733.01
147,,60,0.017,2,north,retired,0.198,1653.7
148,55332.0,56,0.465,2,north,employed,0.465,923.89
149,,27,0.365,0,east,retired,-0.297,581.25
150,51750.0,36,0.467,2,west,employed,-0.969,1090.72
151,49246.0,29,0.38,0,south,employed,-0.463,151.45
152,30246.0,32,0.611,0,south,unemployed,0.933,1584.63
153,22705.0,25,0.771,0,west,,0.652,1049.42
154,28130.0,58,0.023,4,north,employed,0.805,1187.61
155,30411.0,37,0.296,1,south,employed,-1.118,634.19
156,29329.0,52,0.349,3,north,retired,0.134,2004.76
157,,56,0.353,0,north,self-employed,-1.342,1727.29
158,30003.0,56,0.571,1,west,,-2.421,913.57
159,18519.0,65,0.295,1,south,employed,0.352,13.53
160,42794.0,49,0.171,0,east,employed,-1.303,1301.07
161,33357.0,33,0.204,2,east,employed,0.158,344.42
162,25381.0,50,0.317,1,south,self-employed,0.977,1756.33
163,28182.0,53,0.285,3,north,employed,-0.527,1235.0
164,39732.0,43,0.415,1,south,unemployed,0.701,1950.49
165,76118.0,54,0.76,0,west,employed,0.472,723.16
166,35905.0,60,0.477,0,east,self-employed,0.602,778.84
167,76747.0,39,0.129,1,east,employed,0.092,17.22
168,23936.0,39,0.41,2,north,retired,0.926,1921.99
169,48187.0,25,0.513,2,south,employed,-1.68,1175.88
170,24871.0,67,0.801,1,east,employed,-0.132,1010.98
171,51668.0,66,0.098,1,south,self-employed,0.345,782.73
172,,68,0.544,0,west,employed,0.722,215.0
173,73993.0,28,0.892,2,south,retired,1.506,1842.19
174,19277.0,25,0.507,0,north,employed,-0.071,352.86
175,69903.0,42,0.691,0,east,self-employed,0.941,1136.94
176,26256.0,64,0.358,0,north,employed,-1.291,389.83
177,41904.0,28,0.2,0,north,employed,-1.185,83.86
178,25555.0,32,0.478,3,east,employed,-0.027,2376.82
179,40098.0,47,0.145,2,west,,1.107,717.05
180,31152.0,21,0.714,0,east,employed,-1.525,1361.55
181,21408.0,65,0.462,4,south,employed,-0.602,1155.08
182,61573.0,57,0.084,1,south,retired,-0.1,645.65
183,22744.0,50,0.501,1,south,self-employed,-1.262,1540.3
184,39639.0,39,0.247,1,west,employed,0.098,1134.14
185,33030.0,43,0.196,2,north,employed,-1.827,1844.56
186,23667.0,43,0.153,1,north,employed,0.1,571.38
187,,60,0.348,1,west,employed,0.77,-108.43
188,28715.0,46,0.367,0,west,self-employed,-0.309,664.6
189,22254.0,55,0.021,0,east,employed,1.179,93.37
190,16181.0,69,0.369,0,east,retired,0.338,762.33
191,33213.0,34,0.702,0,east,self-employed,1.119,1144.15
192,23109.0,63,0.382,2,east,self-employed,-2.342,888.59
193,24079.0,58,0.362,3,south,employed,0.62,1954.1
194,49690.0,28,0.452,2,east,employed,-0.04,984.67
195,31636.0,69,0.609,3,north,unemployed,0.943,2228.46
196,39038.0,55,0.304,0,east,unemployed,-0.338,1686.76
197,48260.0,65,0.662,1,east,self-employed,-0.228,240.18
198,23482.0,50,0.747,2,east,employed,1.748,1522.16
199,43806.0,67,0.414,1,north,retired,-0.58,-39.44
200,22637.0,48,0.324,1,south,self-employed,0.14,731.21
201,52141.0,36,1.009,2,north,employed,1.124,159.02
202,104719.0,52,0.585,2,west,self-employed,-3.052,866.49
203,21152.0,34,0.174,1,south,employed,-1.223,858.93
204,,45,0.565,1,east,employed,-2.757,683.9
205,50159.0,23,1.255,2,south,self-employed,-1.553,4658.07
206,35250.0,57,0.297,3,west,unemployed,0.281,1119.13
207,20601.0,38,0.984,0,north,employed,0.531,1115.53
208,28609.0,60,0.422,1,west,employed,0.12,747.62
209,117454.0,23,0.488,2,east,self-employed,-0.616,1212.68
210,27534.0,57,0.718,1,west,retired,-0.775,2707.45
211,,23,0.127,0,north,employed,0.396,939.09
212,17096.0,69,0.61,0,south,retired,-1.068,1110.43
213,,21,0.303,0,south,unemployed,1.591,3278.72
214,66114.0,51,0.217,2,north,,0.82,1444.78
215,34107.0,28,0.349,1,south,employed,-0.718,641.03
216,20627.0,29,0.307,1,south,retired,0.909,1797.91
217,48893.0,30,0.385,0,south,employed,0.589,162.65
218,32120.0,28,0.032,3,east,,-0.022,1607.39
219,52962.0,65,0.539,0,east,employed,1.123,775.78
220,36684.0,49,0.414,0,north,self-employed,-0.959,1042.23
221,59013.0,32,0.395,2,west,,0.428,1602.26
222,55318.0,54,0.475,2,north,unemployed,-0.883,1506.47
223,,32,0.556,1,south,unemployed,-0.126,2880.74
224,50065.0,41,0.1,3,west,employed,0.137,-45.35
225,,29,0.638,0,north,employed,0.781,1424.47
226,48825.0,45,0.248,0,west,employed,1.199,180.89
227,42508.0,67,0.573,2,west,self-employed,-0.691,946.72
228,51280.0,67,0.511,0,south,employed,-0.635,1005.52
229,10036.0,51,0.331,1,south,,0.35,1061.86
230,17591.0,51,0.314,0,south,employed,1.148,837.15
231,45466.0,37,0.28,2,north,retired,1.21,1522.35
232,42322.0,67,0.755,0,west,self-employed,0.536,-31.28
233,43887.0,34,0.406,0,west,,-1.558,888.77
234,22624.0,46,0.362,1,east,self-employed,0.119,1585.11
235,31843.0,50,0.344,1,east,employed,-0.266,-183.91
236,,54,0.366,1,south,employed,-2.218,840.07
237,19435.0,29,0.618,0,north,employed,-0.245,1163.35
238,59828.0,58,0.28,1,west,retired,-0.278,529.45
239,23819.0,57,0.665,0,south,self-employed,0.598,1312.23
240,45731.0,46,1.047,2,west,employed,0.361,2388.55
241,,69,0.526,3,north,employed,-0.221,541.42
242,36156.0,60,0.674,1,north,retired,0.206,1040.6
243,29361.0,38,0.412,1,east,employed,1.298,742.57
244,61730.0,53,0.508,4,south,employed,-0.429,666.31
245,22470.0,59,0.456,1,south,employed,0.162,911.08
246,63412.0,25,0.392,1,north,employed,-1.721,985.81
247,46884.0,42,0.219,0,north,unemployed,-0.964,113.61
248,19245.0,66,0.084,2,south,employed,-0.452,331.1
249,,27,0.374,2,south,retired,0.054,815.85
250,28994.0,60,0.326,0,north,employed,-0.952,599.66
251,66383.0,54,0.8,0,west,employed,-1.389,335.5
252,14812.0,66,0.784,1,north,self-employed,-0.581,4979.57
253,71047.0,33,0.339,3,west,,-2.145,973.2
254,57286.0,41,0.63,1,west,employed,-0.433,920.64
255,37797.0,62,0.505,2,north,self-employed,-1.183,2998.64
256,15442.0,39,0.355,2,south,employed,0.094,1928.34
257,19980.0,39,0.996,0,south,employed,0.762,1917.97
258,39614.0,30,0.237,1,west,retired,0.102,782.54
259,44619.0,57,0.173,0,west,retired,-0.382,751.52
260,51691.0,56,0.158,2,west,unemployed,-1.312,1079.52
261,19755.0,40,0.521,0,south,employed,-0.894,158.3
262,45603.0,29,0.709,0,north,employed,-1.142,1229.51
263,21718.0,34,0.138,1,north,self-employed,0.238,719.98
264,12372.0,55,0.478,1,west,employed,-1.59,2396.04
265,24779.0,53,0.269,0,north,self-employed,-1.481,1147.37
266,,42,0.165,1,west,self-employed,-1.43,395.32
267,46725.0,31,0.36,3,north,employed,0.297,654.6
268,40161.0,21,0.158,2,south,self-employed,1.093,1061.57
269,,35,0.658,1,west,retired,-1.208,2441.95
270,15590.0,21,0.2,0,south,employed,-1.62,588.9
271,32300.0,34,0.127,3,east,self-employed,2.29,1773.46
272,,21,0.118,1,north,unemployed,-1.131,1145.38
273,18535.0,68,0.125,3,north,employed,1.51,763.25
274,38616.0,39,0.23,1,south,self-employed,0.045,1338.28
275,39176.0,28,0.24,3,south,employed,1.857,934.06
276,52469.0,26,0.107,2,north,employed,0.597,282.2
277,34200.0,49,0.372,3,west,employed,-0.097,255.23
278,28052.0,64,0.152,0,north,employed,-1.518,125.79
279,44258.0,56,0.258,1,south,retired,-1.11,361.02
280,16130.0,27,0.143,1,south,employed,1.044,740.05
281,27100.0,67,0.383,0,north,employed,-0.609,968.3
282,30612.0,28,0.423,0,west,employed,1.079,1018.71
283,26044.0,42,0.584,3,east,self-employed,-0.649,1893.95
284,78251.0,52,0.274,4,east,employed,-0.707,893.35
285,52086.0,33,0.123,0,north,self-employed,1.193,170.71
286,23192.0,57,0.461,0,south,employed,0.172,347.94
287,32587.0,62,0.727,1,north,self-employed,0.772,1689.29
288,15310.0,52,0.216,3,north,self-employed,1.219,1286.18
289,31864.0,21,0.285,2,north,retired,0.909,387.8
290,55989.0,26,0.819,0,east,employed,-0.005,505.3
291,16650.0,44,0.325,1,west,retired,-1.086,1977.85
292,116550.0,38,0.464,2,south,employed,-1.513,503.9
293,33894.0,31,0.35,4,south,unemployed,0.051,2964.56
294,8903.0,62,0.543,1,islands,self-employed,1.32,1815.39
295,14882.0,48,0.457,0,south,employed,0.002,1504.45
296,,39,0.57,1,east,employed,-0.41,1272.27
297,,35,0.492,2,south,retired,1.296,2898.16
298,22054.0,68,0.512,3,north,employed,-0.052,1060.13
299,31140.0,57,0.556,1,east,employed,-1.027,1469.33
300,54320.0,53,0.131,2,east,employed,1.091,336.11
301,40163.0,62,0.989,0,south,retired,-0.935,1250.62
302,45324.0,55,0.394,0,east,self-employed,0.97,812.16
303,32373.0,52,0.303,5,north,self-employed,-0.618,1201.07
304,56326.0,39,0.721,0,east,employed,-0.893,602.09
305,,39,0.595,2,south,employed,1.023,408.58
306,11415.0,62,0.384,2,north,retired,-1.186,1613.62
307,37539.0,49,0.205,0,east,self-employed,-1.064,449.34
308,42815.0,28,0.542,0,north,unemployed,2.555,1787.06
309,44496.0,21,0.037,1,west,self-employed,-0.108,1762.5
310,35439.0,49,0.395,0,south,employed,0.958,1006.52
311,60470.0,26,0.564,1,east,retired,0.583,296.88
312,32285.0,57,0.269,2,south,employed,0.396,801.73
313,,35,0.616,1,south,retired,-0.394,1722.38
314,90093.0,56,0.524,2,north,employed,0.079,787.99
315,11704.0,44,0.165,0,south,unemployed,-0.313,949.69
316,51612.0,69,0.568,0,west,employed,0.759,168.32
317,61492.0,40,0.467,2,west,employed,-0.126,616.05
318,29010.0,39,0.795,1,south,employed,0.172,887.24
319,23759.0,62,0.851,4,east,self-employed,-0.649,6791.98
320,49085.0,67,0.684,2,west,unemployed,0.825,2663.55
321,28318.0,64,0.582,1,east,retired,-0.365,1292.43
322,14734.0,38,0.134,2,south,self-employed,-1.732,977.44
323,,40,0.264,1,west,employed,-1.178,529.68
324,31403.0,62,0.74,1,west,employed,0.213,786.25
325,24722.0,64,0.273,2,west,unemployed,0.231,2522.77
326,47964.0,21,0.222,0,east,self-employed,-0.522,1039.02
327,15308.0,29,0.624,3,north,self-employed,0.504,1932.4
328,,30,0.471,3,south,employed,-0.698,1058.13
329,69106.0,62,0.349,1,west,self-employed,0.362,-29.96
330,26910.0,48,0.273,2,south,retired,-0.004,1270.36
331,40265.0,27,0.265,0,west,employed,-1.491,465.12
332,71056.0,32,0.208,0,south,employed,1.12,391.75
333,65571.0,66,0.814,1,north,employed,-0.583,941.07
334,52367.0,24,0.612,1,east,retired,0.043,598.55
335,30290.0,59,0.259,2,north,employed,0.571,533.22
336,49378.0,38,0.043,3,south,employed,0.367,478.01
337,58893.0,65,0.314,1,east,employed,1.5,54.21
338,64615.0,66,0.352,3,east,retired,-0.947,357.41
339,,66,0.692,2,south,employed,0.373,1106.51
340,,65,0.292,4,west,employed,0.628,539.74
341,32908.0,48,0.478,1,south,employed,-0.087,513.21
342,43022.0,24,0.185,0,north,employed,0.535,-122.67
343,22665.0,47,0.384,3,east,retired,0.714,2407.12
344,26280.0,31,0.359,0,west,self-employed,1.84,925.39
345,66893.0,46,0.087,1,east,unemployed,1.206,521.74
346,80300.0,54,0.424,2,north,,0.773,540.03
347,12977.0,63,0.015,0,south,employed,1.626,-27.62
348,37238.0,51,0.404,3,south,self-employed,0.079,764.23
349,52482.0,22,0.258,1,west,employed,0.014,452.85
350,28700.0,25,0.603,2,north,unemployed,-0.17,3484.95
351,51913.0,56,1.078,2,south,self-employed,-0.509,795.9
352,20358.0,28,0.252,1,east,self-employed,-0.766,1929.95
353,23196.0,25,0.238,0,north,employed,-1.112,821.93
354,19233.0,33,0.605,0,north,retired,0.218,1064.33
355,30333.0,59,0.304,1,south,unemployed,1.401,1120.36
356,43311.0,52,0.505,0,north,self-employed,0.577,670.15
357,39725.0,30,0.86,0,north,employed,0.643,2703.72
358,37983.0,40,0.174,1,north,retired,-0.802,29.77
359,25900.0,63,0.586,0,east,unemployed,0.448,3207.32
360,71152.0,63,0.795,2,west,unemployed,0.429,1761.46
361,81217.0,56,0.134,1,west,retired,-0.652,310.39
362,54132.0,54,0.098,1,east,employed,2.222,499.02
363,62897.0,33,1.005,2,north,employed,1.351,1969.26
364,51850.0,31,0.304,0,north,employed,0.503,1036.67
365,28486.0,64,0.8,0,west,employed,-0.18,158.13
366,60449.0,64,0.087,0,east,unemployed,-1.044,157.3
367,37466.0,52,0.339,1,north,employed,-0.814,982.55
368,20671.0,61,0.245,0,north,employed,-0.243,573.83
369,18305.0,30,0.224,1,south,employed,-0.302,398.36
370,,50,0.326,1,north,employed,0.392,304.93
371,56051.0,45,0.859,1,west,self-employed,-0.027,193.48
372,77901.0,27,0.308,0,west,employed,0.609,945.12
373,60886.0,55,0.398,4,north,employed,-0.388,399.45
374,27714.0,39,0.212,2,east,employed,1.473,946.24
375,34185.0,61,0.842,0,south,employed,1.845,1560.73
376,38066.0,66,0.998,2,north,self-employed,-1.099,2271.35
377,,42,0.963,0,west,employed,-1.14,334.55
378,,59,0.522,0,east,self-employed,-1.209,2174.55
379,32027.0,29,0.192,2,north,employed,0.689,1165.86
380,,52,0.57,2,west,retired,2.563,1598.23
381,21412.0,56,1.024,0,west,employed,0.009,1415.91
382,12838.0,68,0.499,1,south,retired,2.905,1131.08
383,24955.0,47,0.055,0,south,,-0.603,2512.76
384,27727.0,28,0.496,2,north,employed,-1.008,1718.15
385,45137.0,41,0.548,1,east,employed,-0.183,264.33
386,31159.0,23,0.438,1,south,retired,-0.093,550.29
387,30844.0,51,0.18,3,islands,employed,1.493,635.6
388,38537.0,42,0.289,0,north,employed,1.363,842.68
389,17246.0,22,0.186,0,north,self-employed,0.957,639.61
390,68274.0,24,0.348,1,east,employed,0.344,-4.73
391,33240.0,66,0.585,3,west,employed,0.598,2454.68
392,36233.0,69,1.034,1,west,employed,-1.223,1133.78
393,30602.0,23,0.716,1,south,employed,-1.898,1961.76
394,23286.0,25,0.244,0,east,unemployed,0.451,1030.01
395,,57,0.512,2,east,employed,0.642,536.19
396,57655.0,42,0.114,0,south,self-employed,1.292,-120.55
397,33154.0,28,0.557,2,north,employed,-0.959,1519.46
398,63891.0,34,0.134,1,east,employed,0.799,638.45
399,56180.0,53,1.057,2,east,employed,0.488,852.81
400,31874.0,38,0.636,2,north,employed,0.764,1730.88
401,,25,0.377,1,north,employed,-0.778,1006.24
402,25946.0,37,0.366,0,south,self-employed,2.442,182.45
403,39501.0,52,0.574,0,east,retired,0.043,998.68
404,25775.0,23,0.514,2,north,employed,0.57,761.66
405,47794.0,49,0.443,1,west,employed,-0.231,605.58
406,27546.0,32,0.293,2,south,,0.921,892.91
407,30469.0,39,0.452,1,north,employed,-1.107,891.12
408,42872.0,59,0.287,1,north,self-employed,-0.696,981.08
409,39766.0,24,0.145,0,west,employed,0.268,439.58
410,33363.0,69,0.434,0,south,employed,-1.593,456.12
411,17437.0,56,0.457,1,north,unemployed,0.412,1381.0
412,98220.0,26,0.65,0,west,retired,0.76,1105.97
413,15901.0,60,0.532,2,north,employed,0.437,1220.31
414,25541.0,55,0.755,1,west,self-employed,-1.306,1728.46
415,80937.0,44,0.575,0,south,employed,1.101,203.14
416,46111.0,50,0.1,1,north,retired,0.812,201.8
417,12003.0,36,0.292,0,south,self-employed,-1.746,3022.66
418,22957.0,55,0.368,1,west,employed,1.514,1231.7
419,49155.0,27,0.207,2,west,retired,0.647,2001.09
420,29961.0,68,0.537,2,north,employed,-0.511,356.3
421,57843.0,64,0.296,0,west,employed,-0.497,-219.65
422,20910.0,65,0.181,1,south,self-employed,-0.398,1631.91
423,27557.0,21,0.164,2,east,employed,-1.319,1565.53
424,28301.0,31,0.245,1,west,employed,0.284,700.76
425,32492.0,66,0.465,0,north,retired,-0.616,32.16
426,14021.0,60,0.428,1,south,unemployed,1.031,1912.55
427,57920.0,39,0.909,0,south,employed,-0.406,302.43
428,26465.0,43,0.149,1,west,employed,-0.567,796.59
429,20896.0,44,0.696,1,south,employed,-0.304,618.21
430,31354.0,26,0.321,0,south,self-employed,-0.851,504.9
431,,60,0.256,0,south,employed,0.573,481.53
432,55487.0,27,0.33,3,north,employed,0.457,1284.71
433,18347.0,56,0.348,2,south,employed,-1.676,930.16
434,27455.0,38,0.64,1,north,employed,-0.027,-289.91
435,63580.0,37,0.76,1,east,employed,0.599,820.13
436,15543.0,54,0.247,0,islands,,0.06,305.74
437,22675.0,44,0.557,2,west,employed,0.436,616.82
438,93129.0,58,0.115,2,north,employed,0.081,160.06
439,46474.0,63,0.139,0,west,employed,-0.402,-180.45
440,,48,0.374,1,east,self-employed,0.616,1234.0
441,52590.0,62,0.092,1,south,retired,0.182,-39.95
442,32251.0,64,0.417,0,west,unemployed,0.086,1574.18
443,44157.0,21,0.908,0,north,retired,-1.818,1211.79
444,20862.0,26,0.589,2,east,employed,1.337,596.75
445,26400.0,43,0.512,0,north,employed,0.916,941.0
446,48813.0,56,0.824,0,east,employed,-0.52,1144.18
447,68736.0,23,0.44,2,west,unemployed,-0.649,1795.43
448,58422.0,59,0.103,3,north,employed,1.145,678.55
449,56006.0,56,0.474,1,south,employed,-0.87,268.34
450,19068.0,58,0.054,0,south,employed,-0.429,984.36
451,27182.0,26,0.26,0,north,,1.737,1342.62
452,,24,0.38,2,east,self-employed,-0.389,4697.39
453,32864.0,42,0.523,2,east,employed,-1.106,34.54
454,26258.0,23,0.089,1,east,employed,-1.157,-255.92
455,93521.0,49,0.474,0,south,,-0.302,1365.38
456,67850.0,62,0.084,0,west,employed,0.333,123.63
457,80500.0,49,0.299,0,north,employed,-1.36,-265.24
458,45303.0,29,0.484,2,west,employed,0.288,2036.15
459,58793.0,22,0.245,3,west,employed,-0.418,-37.92
460,33275.0,40,0.327,5,east,employed,1.314,1416.63
461,16246.0,62,0.232,2,west,,-1.314,1045.51
462,30742.0,41,0.892,0,north,retired,-0.2,3408.96
463,53172.0,62,0.396,1,east,retired,-2.266,318.55
464,53273.0,32,0.348,1,west,employed,-0.339,545.25
465,26040.0,56,0.546,0,east,employed,-0.286,772.88
466,48030.0,56,0.611,0,north,employed,-0.517,563.4
467,27350.0,37,0.602,1,south,employed,0.507,41.16
468,43866.0,21,0.918,1,east,employed,-0.438,924.09
469,51461.0,55,0.615,0,west,employed,-2.142,601.57
470,20417.0,34,0.292,1,north,employed,-0.203,386.74
471,50618.0,64,0.339,2,north,employed,1.723,847.4
472,14934.0,55,0.352,1,east,self-employed,0.371,2038.49
473,26881.0,64,0.047,0,west,unemployed,0.222,732.13
474,,68,0.61,0,south,self-employed,1.207,262.31
475,36389.0,57,0.5,0,east,employed,-0.364,463.15
476,28271.0,54,0.157,3,south,employed,0.477,192.56
477,31660.0,31,0.684,3,south,employed,-1.283,1988.93
478,31593.0,56,0.363,3,north,employed,-1.158,241.4
479,,34,0.162,1,east,employed,0.167,619.27
480,49280.0,46,0.468,1,north,employed,-0.38,938.63
481,22924.0,52,0.647,0,east,unemployed,1.161,1439.44
482,18606.0,30,0.071,0,north,self-employed,-1.047,619.63
483,56242.0,54,0.154,1,north,unemployed,-0.774,1335.42
484,52324.0,32,0.169,1,west,self-employed,0.188,606.6
485,52926.0,66,0.097,1,west,employed,1.064,298.85
486,48356.0,37,0.427,2,south,self-employed,-0.712,1649.18
487,60409.0,60,0.313,1,east,employed,-0.458,35.92
488,29989.0,45,0.187,0,west,unemployed,-0.113,529.82
489,60756.0,30,0.64,0,south,employed,2.293,818.41
490,38825.0,42,0.731,1,east,employed,-1.601,571.25
491,,65,0.708,1,east,employed,-0.753,747.58
492,33637.0,49,0.129,0,north,employed,-0.183,421.53
493,46464.0,61,0.465,2,east,employed,-0.205,935.23
494,31437.0,45,0.393,0,west,employed,0.217,461.36
495,59646.0,39,0.228,1,north,employed,1.143,933.4
496,55406.0,29,0.944,0,east,employed,-0.129,622.24
497,103111.0,51,0.698,0,east,employed,-0.949,170.69
498,67555.0,21,0.365,2,south,employed,0.233,859.42
499,33417.0,33,0.394,1,east,employed,-0.539,-58.5
500,30925.0,52,0.128,2,south,employed,-0.365,613.34
501,22170.0,51,0.633,0,east,self-employed,1.54,2153.32
502,46643.0,68,0.285,1,east,employed,-0.642,312.18
503,23545.0,69,0.939,1,north,employed,-0.235,1431.02
504,113892.0,34,0.388,1,north,unemployed,1.298,1239.1
505,38523.0,33,0.727,2,south,retired,-0.768,1903.89
506,30764.0,53,0.501,2,east,employed,-0.764,747.5
507,42514.0,51,0.321,3,north,employed,0.111,616.63
508,47465.0,61,0.185,1,east,self-employed,0.504,524.13
509,38993.0,51,0.166,2,east,employed,-2.328,387.72
510,21594.0,34,0.576,0,east,retired,1.059,869.46
511,36755.0,60,0.692,2,west,self-employed,-0.507,1018.25
512,21119.0,32,0.426,0,north,employed,-2.252,1649.97
513,44249.0,30,1.113,1,north,self-employed,-0.958,3494.93
514,61120.0,46,0.539,1,east,employed,0.628,420.19
515,14291.0,29,0.847,1,south,unemployed,-0.603,4128.38
516,80759.0,37,0.076,1,west,employed,-0.125,928.01
517,18101.0,37,0.269,1,east,employed,0.339,684.61
518,51164.0,34,0.641,0,east,employed,1.554,291.18
519,58387.0,32,0.354,0,east,self-employed,0.38,321.42
520,34903.0,62,0.505,2,north,retired,-0.579,845.56
521,16608.0,28,0.485,2,east,retired,0.747,1057.37
522,29784.0,38,0.224,1,east,employed,1.224,42.2
523,32084.0,47,0.132,0,east,employed,-0.477,174.47
524,77979.0,39,0.766,4,west,employed,-0.131,1930.98
525,63947.0,31,0.692,1,north,employed,-0.914,495.74
526,56429.0,21,0.488,1,south,self-employed,-0.127,111.47
527,39724.0,27,0.363,0,east,employed,1.005,747.84
528,18611.0,64,0.89,0,west,retired,0.926,2061.67
529,69593.0,47,0.232,0,south,employed,-2.036,-13.87
530,43398.0,68,0.83,3,west,retired,0.449,3169.79
531,47498.0,47,0.239,1,north,employed,-0.756,643.22
532,,50,0.282,0,north,unemployed,0.26,498.31
533,24278.0,23,0.338,3,north,unemployed,0.381,3729.63
534,24890.0,29,0.464,1,south,employed,-0.298,1357.26
535,29747.0,21,0.027,1,north,,1.78,513.34
536,27691.0,66,0.503,1,east,self-employed,0.11,775.3
537,59759.0,29,0.521,0,east,employed,0.073,1045.11
538,44138.0,28,0.15,1,north,employed,1.415,529.84
539,30377.0,66,0.478,1,south,employed,1.76,720.15
540,69957.0,37,0.47,2,west,employed,-1.681,58.13
541,,53,0.7,1,south,employed,-0.63,916.0
542,21958.0,37,0.135,1,west,employed,0.427,321.4
543,19100.0,62,0.172,1,west,,0.655,1070.7
544,58897.0,30,0.433,0,east,,-0.146,415.28
545,24216.0,54,0.186,1,west,employed,0.825,311.89
546,48199.0,36,0.07,0,north,unemployed,-0.716,576.27
547,54290.0,60,0.519,0,west,employed,-0.586,-258.69
548,80925.0,26,0.742,1,south,employed,-1.132,317.5
549,65727.0,28,0.315,0,south,employed,0.7,178.19
550,29928.0,45,0.172,1,south,self-employed,-1.346,1093.43
551,41728.0,66,0.352,2,north,employed,-0.783,217.89
552,41829.0,42,0.14,0,east,employed,-0.417,370.0
553,43656.0,26,0.516,2,north,employed,0.832,1249.6
554,35390.0,38,0.12,2,south,employed,0.266,315.9
555,43796.0,35,0.475,0,west,self-employed,-0.895,686.91
556,46441.0,40,0.493,4,south,employed,1.031,969.19
557,25022.0,21,0.294,3,north,employed,0.574,723.12
558,73026.0,63,0.229,2,west,employed,2.067,881.42
559,30713.0,37,0.57,0,west,employed,-0.787,67.84
560,,31,0.33,1,east,employed,-0.399,329.21
561,22971.0,67,0.798,0,north,employed,0.86,1022.59
562,25193.0,59,0.485,0,south,,-2.069,957.14
563,,63,0.215,1,east,self-employed,-1.227,1447.62
564,45047.0,23,0.527,2,south,employed,-1.062,429.46
565,22441.0,26,0.462,0,north,employed,-0.271,585.7
566,47332.0,24,0.132,3,west,employed,-1.305,689.19
567,46252.0,59,0.385,2,east,employed,-0.78,616.94
568,16224.0,52,0.399,1,south,employed,-1.083,1213.25
569,30556.0,60,0.284,1,south,unemployed,1.564,1066.26
570,24352.0,39,0.422,1,north,employed,-0.428,1312.09
571,19813.0,24,0.629,1,south,employed,-1.921,1821.32
572,46645.0,43,0.475,0,north,self-employed,1.837,1979.1
573,26922.0,56,0.171,4,north,unemployed,-0.714,4274.01
574,30393.0,45,0.442,1,south,employed,0.576,540.14
575,22206.0,29,0.492,1,south,unemployed,-0.344,3332.12
576,32752.0,62,0.147,1,south,retired,0.963,657.97
577,20217.0,29,0.619,2,east,self-employed,-0.113,1973.59
578,23591.0,33,0.127,1,west,employed,-0.416,758.35
579,86664.0,50,0.36,2,south,employed,-1.879,653.14
580,65024.0,65,0.627,1,east,employed,-0.07,686.21
581,29876.0,22,0.336,2,east,employed,1.354,324.56
582,,36,0.862,0,south,,1.067,1840.83
583,21095.0,32,0.652,0,west,,0.597,1088.74
584,20310.0,63,0.31,5,south,employed,-0.267,1969.93
585,,53,0.343,1,north,self-employed,2.644,323.15
586,49594.0,50,0.078,3,south,employed,1.413,1031.1
587,50682.0,23,0.242,0,west,employed,0.041,-67.57
588,50492.0,31,0.13,0,west,retired,0.134,259.73
589,103010.0,49,0.901,1,north,employed,1.243,1302.19
590,12123.0,46,0.372,0,north,employed,-0.063,265.42
591,15168.0,29,0.388,1,east,employed,0.774,184.83
592,101239.0,21,0.31,2,south,employed,-1.274,-60.52
593,29935.0,62,0.362,1,west,unemployed,0.611,1773.29
594,58689.0,61,0.081,1,south,employed,-0.809,-283.56
595,29003.0,63,0.4,0,east,self-employed,-0.99,1046.09
596,18144.0,59,0.285,0,south,self-employed,0.583,1191.08
597,45611.0,34,0.284,0,east,self-employed,0.429,537.41
598,17623.0,54,0.502,3,north,,-0.651,2205.17
599,32221.0,41,0.513,2,north,self-employed,0.421,2215.32
600,66374.0,26,0.203,2,west,retired,1.716,1096.04
601,42603.0,36,0.53,1,west,employed,-0.555,1975.3
602,,33,0.083,1,north,self-employed,0.667,877.68
603,44379.0,49,0.272,1,south,employed,0.875,372.41
604,101973.0,46,0.429,1,south,employed,0.955,293.94
605,29540.0,25,0.179,3,east,employed,0.954,1797.66
606,37668.0,26,0.674,1,east,self-employed,-1.022,1146.77
607,25742.0,37,0.132,1,north,employed,1.061,661.1
608,25849.0,42,0.269,1,west,self-employed,-0.058,1205.25
609,63942.0,61,0.094,2,south,self-employed,-0.064,277.14
610,,51,0.121,2,north,retired,0.663,595.94
611,37181.0,33,0.092,3,west,unemployed,0.457,1850.15
612,28414.0,28,0.545,0,west,retired,0.342,722.01
613,37896.0,63,0.227,2,east,employed,-0.681,663.45
614,29311.0,50,0.479,1,north,self-employed,1.801,1444.12
615,43456.0,27,0.467,2,north,employed,0.988,1875.58
616,62072.0,66,0.662,2,north,employed,0.276,1114.33
617,67785.0,38,0.323,1,east,self-employed,0.865,1106.49
618,50664.0,30,0.534,1,south,retired,-0.188,1205.61
619,34582.0,37,0.43,0,north,employed,-1.263,936.69
620,35752.0,24,0.671,0,islands,,0.645,2298.78
621,38981.0,42,0.284,1,south,,-0.463,967.12
622,64552.0,30,0.558,1,north,employed,-0.11,562.64
623,58453.0,24,0.146,2,north,self-employed,-0.64,539.32
624,15818.0,38,0.285,0,south,employed,-0.014,615.44
625,23889.0,35,0.354,2,west,employed,-0.291,462.92
626,31039.0,41,0.441,0,south,employed,-2.0,772.73
627,44489.0,56,0.443,2,north,unemployed,-0.827,2075.52
628,13562.0,65,0.778,1,east,employed,-0.302,2936.02
629,,27,0.422,2,south,employed,-0.916,847.92
630,43372.0,34,0.602,0,south,self-employed,-0.337,1515.38
631,105571.0,48,0.437,1,east,retired,-1.394,504.41
632,45947.0,66,0.28,3,north,,-1.038,470.68
633,33050.0,33,0.127,3,north,employed,-1.997,484.52
634,32318.0,46,0.12,4,east,employed,0.506,931.42
635,51152.0,60,0.089,1,south,employed,-0.13,602.76
636,51074.0,29,0.438,0,north,employed,-1.084,523.41
637,17052.0,39,0.553,1,north,employed,-0.778,1632.78
638,22277.0,60,0.746,0,west,self-employed,-0.47,1453.37
639,64236.0,68,0.247,2,south,employed,1.024,236.77
640,,69,0.344,1,north,unemployed,-1.755,1205.8
641,,22,0.53,2,north,employed,-0.214,460.8
642,26181.0,22,0.336,2,south,self-employed,-0.033,1031.25
643,38328.0,53,0.764,3,east,self-employed,-1.29,2006.39
644,126227.0,36,0.434,1,east,retired,0.916,15.93
645,27741.0,49,0.395,0,islands,self-employed,0.053,701.0
646,9464.0,39,0.53,3,west,unemployed,-0.355,2627.91
647,15334.0,56,0.584,2,south,employed,0.486,1747.65
648,45696.0,26,0.136,0,north,employed,0.418,-92.1
649,,30,0.497,0,south,unemployed,-1.065,1338.49
650,82268.0,25,0.025,2,south,self-employed,-0.773,411.27
651,69687.0,30,0.558,2,south,employed,-0.407,1492.02
652,34650.0,48,0.631,0,south,unemployed,0.017,2654.87
653,25615.0,41,0.214,0,west,retired,2.47,908.06
654,30932.0,53,0.396,0,west,unemployed,-0.917,1360.54
655,51683.0,49,0.357,1,south,employed,-2.256,576.17
656,36775.0,67,0.583,1,west,employed,2.017,889.78
657,20897.0,33,0.265,0,west,employed,0.676,673.26
658,24315.0,48,0.298,4,north,,1.564,2085.59
659,21376.0,22,0.639,1,south,employed,1.861,1853.92
660,29948.0,58,0.299,3,east,employed,0.272,899.47
661,17245.0,30,0.194,2,south,employed,0.737,667.69
662,32594.0,39,0.33,2,west,employed,-0.735,527.57
663,34672.0,61,0.106,2,east,employed,0.464,469.12
664,28676.0,25,0.317,1,west,employed,-1.918,1042.81
665,26451.0,64,0.591,0,south,retired,2.544,1021.27
666,29170.0,23,0.784,4,north,self-employed,0.467,2420.88
667,,28,0.774,0,north,self-employed,0.05,2320.48
668,83446.0,31,0.224,0,north,self-employed,-0.663,723.01
669,24471.0,33,0.201,3,north,self-employed,-1.828,2992.85
670,64859.0,31,0.353,2,south,employed,1.132,621.85
671,26283.0,45,0.293,2,north,unemployed,-0.007,2733.09
672,39638.0,29,0.264,1,south,employed,-0.132,856.9
673,31877.0,37,0.594,1,east,employed,-0.179,115.33
674,9582.0,48,1.011,2,south,self-employed,0.519,6304.01
675,19953.0,56,0.039,3,east,employed,-1.458,597.49
676,76572.0,60,0.366,0,east,employed,-0.489,600.95
677,25950.0,62,0.556,2,north,employed,1.34,371.03
678,30561.0,63,0.17,1,west,self-employed,-0.656,996.53
679,31505.0,63,1.122,1,north,employed,0.81,1287.23
680,,61,0.215,0,east,retired,0.697,307.63
681,39069.0,59,0.169,0,east,self-employed,0.798,131.47
682,29865.0,56,0.911,3,east,employed,0.695,2836.19
683,32381.0,50,0.361,2,south,employed,-0.572,1651.64
684,33337.0,21,0.141,1,west,,0.226,495.49
685,37507.0,65,0.368,2,south,employed,-0.884,609.28
686,40287.0,33,0.211,0,islands,employed,2.204,370.95
687,44507.0,41,0.141,0,west,self-employed,-1.436,482.05
688,38387.0,49,0.362,3,west,employed,1.785,1005.91
689,41670.0,35,0.244,0,east,employed,0.726,369.04
690,53157.0,39,0.152,1,south,self-employed,0.106,312.88
691,25156.0,28,0.714,2,north,employed,0.013,1622.7
692,101238.0,52,0.843,1,islands,unemployed,1.835,989.26
693,21637.0,51,0.708,1,north,employed,-0.644,1903.69
694,37883.0,46,0.449,2,north,self-employed,-1.063,1329.06
695,59306.0,37,0.199,2,south,employed,0.293,1010.42
696,48837.0,60,0.229,1,north,unemployed,-1.578,1379.32
697,,23,0.566,2,north,self-employed,0.509,1794.47
698,38392.0,69,0.117,0,west,employed,-0.118,-29.06
699,51469.0,65,0.571,1,south,employed,0.139,680.91
700,18906.0,23,0.289,3,north,,-0.074,5943.63
701,23628.0,62,0.169,0,west,,-1.465,222.98
702,13631.0,63,0.58,2,south,employed,1.563,1426.94
703,40765.0,60,0.21,0,east,employed,0.792,600.75
704,41190.0,68,0.571,3,west,self-employed,-1.261,1849.96
705,23531.0,47,0.588,0,east,employed,0.507,240.07
706,,49,0.717,0,south,employed,-0.177,697.02
707,47254.0,65,0.945,3,west,employed,-0.407,1877.45
708,51180.0,45,0.516,1,north,,-1.475,3116.33
709,34934.0,51,0.268,1,south,,-1.092,627.9
710,94018.0,22,0.351,0,east,employed,-0.266,-12.61
711,35136.0,39,0.517,1,west,employed,-0.197,563.68
712,35339.0,50,0.007,1,south,self-employed,-1.038,-97.38
713,27622.0,29,1.072,2,south,employed,1.287,1582.32
714,36345.0,28,0.182,3,east,retired,-1.123,721.29
715,47089.0,30,0.353,0,east,employed,-1.24,317.94
716,38476.0,38,0.419,0,south,self-employed,0.621,649.01
717,34258.0,41,0.466,1,south,unemployed,0.55,2384.88
718,74273.0,53,0.254,2,south,employed,1.32,659.67
719,16536.0,34,0.571,1,east,employed,0.401,2804.34
720,67103.0,39,0.268,4,east,retired,-1.117,1766.4
721,47009.0,43,0.227,2,north,employed,0.706,639.22
722,80043.0,55,0.967,3,south,self-employed,0.0,3375.66
723,38424.0,25,0.333,2,east,employed,-1.002,1064.5
724,19897.0,66,0.358,3,north,employed,-0.207,1718.34
725,51517.0,69,0.216,2,south,employed,-0.152,93.15
726,75837.0,38,0.374,0,east,retired,0.281,661.45
727,25297.0,50,0.098,1,south,self-employed,-0.369,709.74
728,30780.0,41,0.472,2,north,employed,-0.108,611.0
729,,60,0.298,1,east,employed,0.262,73.66
730,26349.0,36,0.44,2,west,self-employed,-0.11,206.45
731,35762.0,50,0.237,1,south,self-employed,-1.319,742.75
732,58029.0,43,0.241,1,north,employed,-0.866,450.98
733,21381.0,60,0.101,3,east,employed,1.624,894.25
734,40830.0,33,0.087,2,north,employed,0.492,586.12
735,56105.0,57,0.186,1,north,self-employed,2.722,486.03
736,16813.0,38,0.317,0,south,retired,0.068,811.11
737,34248.0,32,0.448,2,north,employed,-1.832,627.33
738,17558.0,39,0.379,2,east,employed,-0.431,846.0
739,13174.0,64,1.075,2,south,employed,-0.708,3200.03
740,38646.0,39,0.38,2,south,retired,-1.955,867.68
741,11510.0,62,0.426,1,east,unemployed,-1.391,2821.37
742,60444.0,49,0.234,0,east,unemployed,1.026,1594.97
743,35702.0,50,0.381,0,south,retired,-1.383,1082.27
744,62364.0,27,0.845,0,south,employed,-1.087,1734.41
745,24075.0,26,0.029,3,west,employed,-0.244,759.83
746,54681.0,44,0.089,0,north,,-0.172,746.64
747,24943.0,50,0.033,1,east,self-employed,0.249,270.75
748,71587.0,51,0.865,2,west,employed,0.139,769.36
749,48727.0,57,0.568,1,west,self-employed,2.178,1839.56
750,46595.0,38,0.263,1,south,unemployed,0.061,1804.31
751,20490.0,27,0.672,0,south,employed,1.146,816.69
752,34812.0,22,0.502,3,west,self-employed,-1.046,1583.92
753,50080.0,41,0.829,2,west,retired,-0.506,1023.64
754,24217.0,43,0.778,2,east,self-employed,0.246,5607.66
755,33909.0,51,0.142,1,north,self-employed,-1.08,868.98
756,15488.0,41,0.475,1,north,self-employed,-1.553,1416.59
757,22214.0,59,0.121,0,east,self-employed,1.589,552.56
758,24350.0,41,0.073,1,south,self-employed,-0.73,1249.23
759,32558.0,66,0.563,0,south,employed,1.816,459.44
760,28991.0,31,0.388,0,east,self-employed,1.926,1291.1
761,17922.0,40,0.458,1,east,self-employed,0.259,2847.85
762,76727.0,69,0.528,0,north,self-employed,1.419,778.97
763,,60,0.079,0,east,employed,-0.627,133.87
764,56286.0,34,0.196,0,north,retired,-0.329,981.99
765,22672.0,39,0.369,4,south,employed,-0.716,1724.55
766,47589.0,60,0.368,1,south,employed,-0.594,446.48
767,58460.0,69,0.597,1,west,employed,-0.255,-188.37
768,23569.0,21,0.734,1,north,self-employed,-0.661,1530.8
769,39721.0,54,0.623,0,east,,1.435,783.33
770,33369.0,29,0.369,2,west,self-employed,-0.475,1202.92
771,49955.0,40,0.496,1,north,employed,1.06,762.8
772,27463.0,48,0.518,2,south,unemployed,0.026,1606.46
773,46752.0,22,0.025,1,north,employed,0.761,-284.32
774,9111.0,56,0.647,0,south,employed,-0.578,1516.61
775,37737.0,59,0.211,2,west,employed,-0.562,543.46
776,43488.0,65,0.175,1,north,employed,0.341,489.83
777,29189.0,64,0.503,1,east,employed,1.863,889.3
778,36086.0,59,0.767,1,south,unemployed,-0.01,1585.98
779,44782.0,66,0.66,0,east,self-employed,-1.588,788.34
780,49247.0,29,0.192,1,east,employed,-0.394,260.72
781,49087.0,46,0.34,3,north,unemployed,0.222,1306.03
782,,37,0.171,1,north,employed,-1.047,334.7
783,21606.0,29,1.133,2,east,employed,0.241,3696.72
784,26939.0,54,0.511,2,north,employed,-0.325,558.89
785,59481.0,41,0.154,2,east,self-employed,0.047,581.22
786,30938.0,67,0.991,2,north,employed,-0.207,505.46
787,11237.0,53,0.478,1,west,self-employed,1.416,1687.3
788,41060.0,52,0.213,1,south,self-employed,1.094,295.08
789,24706.0,64,0.503,1,south,,-0.099,1320.38
790,38912.0,61,0.016,0,south,retired,0.338,-98.51
791,28770.0,33,0.1,4,north,employed,-0.253,198.39
792,46018.0,33,0.2,0,east,employed,1.176,102.49
793,48088.0,25,0.252,1,north,employed,-0.604,880.86
794,14335.0,51,0.118,1,west,employed,-0.765,101.55
795,25866.0,42,0.557,1,east,employed,0.629,144.88
796,51662.0,46,0.263,2,south,unemployed,1.328,1482.89
797,18115.0,45,0.27,1,north,employed,1.156,924.49
798,23903.0,27,1.168,1,east,self-employed,0.987,3842.92
799,39972.0,67,0.474,2,east,employed,-1.344,623.39
800,16331.0,22,0.865,4,north,employed,-3.046,4188.25
801,,23,0.806,2,north,unemployed,-0.656,5538.02
802,26580.0,48,0.177,1,south,employed,0.81,874.5
803,44372.0,27,0.259,1,east,unemployed,0.755,2541.68
804,52242.0,34,0.125,1,east,unemployed,-1.019,1942.04
805,78199.0,46,0.358,2,north,employed,-0.37,1121.21
806,22599.0,53,0.172,0,south,retired,-1.043,938.85
807,40131.0,46,0.72,0,south,employed,0.554,552.64
808,82561.0,40,0.681,0,north,retired,0.546,679.53
809,56532.0,68,0.314,1,west,employed,-1.014,405.69
810,82750.0,64,0.214,6,south,unemployed,0.335,1299.92
811,24942.0,49,0.498,2,south,employed,-0.001,551.53
812,19792.0,41,0.443,3,east,employed,0.658,1138.17
813,20235.0,66,0.346,3,east,self-employed,-0.413,2478.7
814,35283.0,42,0.708,0,east,unemployed,0.169,4598.06
815,25245.0,59,0.057,0,north,employed,0.138,49.7
816,46101.0,29,0.985,0,west,unemployed,-0.458,1663.54
817,23057.0,35,0.805,2,south,retired,-1.071,1498.28
818,,46,0.091,1,south,employed,-0.475,-62.82
819,22947.0,45,0.808,0,south,self-employed,-1.408,2614.8
820,29489.0,42,0.251,4,north,employed,0.786,1350.53
821,15672.0,23,0.246,0,north,self-employed,0.855,201.63
822,30773.0,38,0.117,0,north,retired,-0.082,209.28
823,47400.0,53,0.73,2,north,self-employed,0.414,625.88
824,49197.0,57,0.513,2,east,employed,-1.147,1023.17
825,39647.0,38,0.198,1,south,self-employed,-0.473,1109.04
826,29193.0,55,0.613,0,south,self-employed,-0.082,1067.98
827,15019.0,44,0.021,1,west,employed,1.118,336.45
828,,38,0.287,0,north,self-employed,0.669,616.11
829,26918.0,59,0.305,3,south,employed,0.331,1392.19
830,37643.0,30,0.498,1,east,unemployed,0.293,2364.39
831,23230.0,69,0.517,2,north,retired,1.382,2977.67
832,66852.0,35,0.226,4,south,employed,1.702,1058.11
833,38274.0,56,0.508,1,south,employed,1.229,665.26
834,52753.0,45,0.358,2,south,employed,-0.463,726.78
835,41013.0,49,0.08,0,west,retired,1.025,413.65
836,35109.0,28,0.316,1,east,employed,0.678,1051.94
837,34172.0,65,0.533,2,north,employed,-0.684,1205.18
838,23760.0,21,0.305,0,east,employed,-1.52,457.26
839,53703.0,35,0.128,0,south,employed,1.004,371.06
840,58376.0,41,0.724,0,west,unemployed,-1.849,1801.11
841,38773.0,38,0.261,1,north,employed,-0.305,688.53
842,23662.0,37,0.494,2,north,,1.215,5103.85
843,96742.0,54,0.846,0,north,self-employed,-1.453,1465.71
844,,49,0.169,0,south,employed,0.098,-49.99
845,45528.0,45,0.303,1,south,employed,-1.954,108.97
846,58357.0,40,0.055,0,south,employed,0.557,498.71
847,31780.0,54,0.54,1,north,self-employed,0.653,1503.88
848,59962.0,47,0.896,2,north,retired,-0.443,1575.99
849,37309.0,39,0.669,1,west,employed,0.89,1334.68
850,76320.0,53,0.455,3,north,employed,0.553,894.05
851,17501.0,49,0.339,0,east,employed,-0.028,639.55
852,34186.0,33,0.735,0,south,employed,-0.431,1678.07
853,51912.0,52,0.686,1,east,self-employed,0.295,1894.26
854,45256.0,64,0.634,3,south,employed,0.282,822.19
855,20924.0,26,0.62,2,north,,0.057,2417.24
856,20274.0,24,0.296,1,west,employed,-1.448,773.52
857,74080.0,67,0.208,0,east,self-employed,-1.133,579.86
858,26468.0,26,0.354,0,east,employed,0.06,512.72
859,57198.0,28,0.731,4,east,employed,0.857,2514.27
860,51507.0,59,0.263,1,south,employed,0.832,-165.73
861,20619.0,67,0.165,1,west,unemployed,1.219,526.63
862,30575.0,29,0.834,0,west,unemployed,0.042,2192.8
863,48051.0,46,0.538,4,north,unemployed,0.647,5700.54
864,47738.0,56,0.498,2,west,employed,0.729,846.6
865,39285.0,56,0.373,2,south,employed,0.811,1270.15
866,28063.0,43,0.336,3,south,employed,0.448,1331.61
867,46043.0,38,0.443,1,south,employed,-1.739,580.05
868,27066.0,63,0.198,0,north,retired,0.88,34.48
869,32807.0,37,0.61,4,south,,0.499,2362.63
870,61176.0,40,0.687,2,east,employed,1.098,593.06
871,29636.0,48,0.532,0,south,employed,0.531,246.34
872,63582.0,53,0.472,2,west,employed,0.596,499.49
873,26444.0,26,0.194,2,north,employed,1.253,1081.78
874,31083.0,29,0.239,2,north,unemployed,3.302,2692.67
875,24934.0,44,0.617,2,south,employed,0.018,721.97
876,47986.0,45,0.481,2,west,self-employed,-2.166,1036.92
877,,33,0.228,1,south,retired,-0.872,162.43
878,,57,1.14,0,south,employed,-0.462,1220.88
879,35470.0,63,0.317,6,south,unemployed,-0.062,3554.57
880,28607.0,50,0.143,2,south,employed,-0.669,466.06
881,,26,0.34,1,north,unemployed,-0.356,1655.81
882,20802.0,69,0.382,1,south,self-employed,0.147,1479.29
883,31663.0,39,0.43,1,east,unemployed,-0.714,2591.98
884,43359.0,61,0.071,1,north,employed,0.485,461.76
885,23691.0,58,0.759,1,west,retired,-0.388,1789.84
886,33623.0,21,0.149,1,south,employed,0.545,990.61
887,9667.0,52,0.372,3,south,self-employed,0.905,5050.06
888,,51,0.187,2,north,employed,-0.619,715.56
889,40404.0,53,1.156,2,east,retired,0.798,2474.78
890,21909.0,25,0.727,2,south,self-employed,0.987,1433.42
891,44034.0,64,0.361,0,north,employed,0.365,417.29
892,27825.0,52,0.162,0,south,employed,-0.106,433.88
893,29243.0,23,1.071,1,west,unemployed,1.015,3688.37
894,,21,0.341,2,south,employed,0.089,1904.94
895,16996.0,38,0.773,1,east,employed,-0.094,2323.2
896,27267.0,59,0.863,3,west,employed,0.958,1174.08
897,77862.0,42,0.686,2,south,employed,-1.119,-248.97
898,34183.0,24,0.355,1,north,,-2.07,1046.71
899,82411.0,46,0.176,1,north,employed,-0.207,560.08
900,38219.0,29,0.733,0,south,unemployed,0.761,949.6
901,60412.0,57,0.404,1,south,self-employed,0.179,242.9
902,42095.0,58,0.604,2,east,employed,0.519,572.72
903,56624.0,65,0.21,0,south,employed,-0.613,406.24
904,63130.0,26,0.121,0,north,employed,1.001,754.93
905,60533.0,55,0.208,4,east,employed,0.455,782.12
906,48227.0,25,0.817,0,south,self-employed,0.269,1161.03
907,21026.0,61,1.039,1,east,employed,1.634,3786.18
908,,43,0.273,1,south,employed,-1.552,482.67
909,33989.0,52,0.747,1,west,employed,-0.938,2219.53
910,46104.0,41,0.343,1,north,retired,0.045,422.2
911,36118.0,40,0.489,0,north,unemployed,0.276,1671.22
912,16915.0,25,0.057,2,north,employed,0.325,1206.1
913,22048.0,33,0.375,0,east,,-0.549,1486.82
914,28607.0,51,0.606,0,north,unemployed,-1.079,1685.19
915,32398.0,33,0.471,2,west,employed,-1.703,1601.18
916,43547.0,45,0.692,0,north,unemployed,0.124,1782.02
917,23696.0,41,0.448,2,south,employed,0.808,2058.46
918,34959.0,45,0.43,1,east,self-employed,-0.146,58.02
919,25230.0,40,1.107,1,north,self-employed,-1.882,1881.42
920,23970.0,27,0.745,1,west,employed,1.192,1378.44
921,27066.0,25,0.506,1,north,employed,-0.886,566.46
922,33968.0,40,0.492,0,west,employed,0.92,535.92
923,74928.0,44,0.926,2,west,employed,-0.783,1016.04
924,58065.0,24,0.979,3,east,employed,0.548,1339.95
925,24266.0,33,0.261,2,north,employed,-0.881,689.4
926,,67,0.616,1,north,self-employed,-0.966,755.84
927,59786.0,33,0.596,0,south,employed,-1.9,412.25
928,41238.0,25,0.928,0,east,employed,-0.544,1507.46
929,43260.0,56,0.439,1,west,self-employed,-0.246,1689.4
930,20446.0,25,0.553,1,north,employed,-0.132,754.43
931,34725.0,62,0.124,0,south,employed,-2.701,526.4
932,26364.0,44,0.343,2,south,employed,0.175,952.96
933,46784.0,53,1.128,0,south,employed,-0.182,1079.36
934,72718.0,66,0.274,1,north,employed,-1.462,437.12
935,,35,0.144,4,south,employed,0.748,1026.48
936,,50,0.205,2,east,employed,-1.154,610.98
937,85566.0,27,0.397,0,north,employed,-0.051,1229.2
938,37476.0,22,0.48,1,north,self-employed,1.399,1477.22
939,,22,0.327,0,east,retired,0.432,775.34
940,33286.0,37,0.168,1,south,employed,-0.267,582.64
941,52485.0,51,0.563,0,south,self-employed,-1.424,-256.34
942,34028.0,58,0.396,3,west,employed,-0.682,1657.74
943,167112.0,57,0.182,2,south,,0.305,67.21
944,39551.0,34,0.433,4,east,retired,1.432,626.06
945,21803.0,44,0.38,1,south,self-employed,0.411,1367.65
946,30950.0,57,0.617,1,south,self-employed,0.299,2463.53
947,24874.0,48,1.222,1,south,employed,0.479,1810.73
948,31926.0,62,0.204,0,north,employed,-0.731,204.78
949,33565.0,58,0.571,1,east,unemployed,-0.155,4070.0
950,,69,0.293,4,north,employed,1.165,1543.08
951,,45,0.713,0,north,employed,-2.495,112.21
952,52829.0,64,0.543,0,south,employed,1.976,1186.56
953,39525.0,48,0.211,0,south,employed,0.544,878.41
954,18366.0,34,0.836,1,west,employed,1.196,2679.33
955,43412.0,27,0.248,5,west,employed,-2.25,834.16
956,19083.0,67,0.585,1,north,employed,0.499,983.41
957,33888.0,30,0.684,1,north,employed,-1.46,2738.49
958,21170.0,67,0.235,1,south,,1.504,907.64
959,29808.0,27,0.713,0,west,employed,0.936,785.74
960,22270.0,67,0.502,1,south,employed,-0.421,1207.87
961,43835.0,51,0.575,2,north,employed,1.805,554.01
962,10272.0,51,0.713,2,south,self-employed,0.254,2626.98
963,32059.0,57,0.066,2,south,employed,0.937,260.71
964,13453.0,42,0.204,1,west,employed,0.035,562.69
965,36330.0,22,0.357,4,north,employed,-0.467,1041.94
966,25023.0,23,0.136,2,west,employed,-0.309,1103.86
967,36026.0,69,0.397,0,north,retired,1.68,625.75
968,61735.0,28,0.249,1,south,employed,-0.138,288.39
969,64766.0,32,0.425,2,south,employed,0.391,851.09
970,48084.0,44,0.155,0,west,employed,-2.428,101.8
971,42578.0,36,0.646,0,north,employed,1.001,1122.63
972,52558.0,56,0.775,1,south,employed,0.044,1491.82
973,26288.0,67,0.448,0,east,employed,0.452,727.98
974,43561.0,35,0.154,0,north,retired,-1.196,562.42
975,25947.0,44,0.365,3,south,self-employed,-0.012,1325.99
976,49026.0,49,0.38,2,north,employed,1.087,644.68
977,54379.0,47,0.609,0,north,employed,-0.601,448.41
978,34462.0,26,0.245,2,south,employed,-0.558,588.66
979,32123.0,27,0.611,3,east,self-employed,1.417,2318.62
980,31537.0,53,0.266,3,west,employed,-0.414,1204.17
981,31202.0,51,0.504,1,east,retired,0.423,553.09
982,64217.0,35,0.239,1,west,employed,-0.681,307.92
983,52099.0,63,0.424,2,east,retired,0.815,714.13
984,75468.0,27,0.236,0,south,employed,0.474,619.85
985,124335.0,44,0.162,0,east,retired,-0.625,-34.54
986,33697.0,68,0.183,2,north,employed,-0.928,-128.24
987,,41,0.099,2,south,employed,-0.179,412.18
988,21870.0,61,0.509,1,south,employed,0.53,892.82
989,,53,0.867,1,south,self-employed,-2.812,1127.48
990,32260.0,25,0.435,0,east,retired,0.491,663.06
991,45203.0,61,0.518,0,west,employed,0.4,238.53
992,32197.0,35,0.66,3,west,unemployed,0.066,3901.2
993,35530.0,51,0.231,1,north,employed,0.086,860.72
994,17231.0,38,0.302,3,east,self-employed,0.398,758.47
995,24367.0,65,0.297,3,south,employed,-1.552,778.57
996,16121.0,49,0.416,1,west,employed,-0.2,2432.97
997,27693.0,42,0.124,3,west,,-0.112,1031.88
998,65020.0,47,0.256,2,islands,employed,1.042,412.76
999,21648.0,64,0.112,1,north,unemployed,0.284,1250.46
1000,39295.0,65,0.142,2,south,employed,1.657,68.73
1001,57462.0,39,0.453,1,south,employed,-0.615,135.36
1002,61151.0,34,0.362,1,west,employed,0.046,121.97
1003,33861.0,23,0.576,0,south,unemployed,-0.661,1007.38
1004,15579.0,55,0.1,0,east,employed,0.936,29.49
1005,,58,0.671,1,west,employed,0.716,720.62
1006,35869.0,48,0.602,1,north,retired,-1.028,1155.01
1007,25813.0,53,0.111,2,east,self-employed,0.405,1032.3
1008,71078.0,68,0.156,2,south,employed,-0.087,757.81
1009,18088.0,29,0.127,2,north,employed,1.814,1627.46
1010,41610.0,64,0.42,0,east,employed,-1.04,398.96
1011,,27,0.366,2,north,employed,-0.121,704.79
1012,28711.0,23,0.07,2,west,employed,-0.27,713.7
1013,28799.0,36,0.218,0,south,employed,1.282,-220.14
1014,,64,0.239,3,east,self-employed,-0.101,1934.18
1015,64324.0,39,0.172,3,east,employed,-0.953,205.05
1016,80074.0,32,0.245,1,east,employed,-0.107,543.19
1017,35208.0,66,0.088,2,south,self-employed,0.75,1691.62
1018,,24,0.464,4,west,employed,0.94,725.33
1019,43372.0,29,0.217,0,east,self-employed,2.069,1200.23
1020,10985.0,69,0.478,0,east,employed,1.771,691.82
1021,35735.0,43,0.542,2,north,employed,1.289,1102.01
1022,84231.0,27,0.297,1,north,retired,0.935,1396.41
1023,35031.0,62,0.532,2,north,,-0.126,2332.78
1024,24308.0,66,0.2,1,south,self-employed,0.435,793.66
1025,48624.0,62,0.76,2,north,employed,1.218,371.82
1026,57859.0,54,0.479,1,north,employed,0.95,905.53
1027,29313.0,45,0.265,1,west,employed,0.07,519.56
1028,,30,0.038,4,east,employed,-0.38,1149.53
1029,,65,0.708,1,east,employed,0.482,367.5
1030,44746.0,21,0.045,2,east,self-employed,0.109,716.36
1031,71425.0,47,0.901,2,north,self-employed,0.882,904.05
1032,26808.0,62,0.322,3,south,employed,0.113,160.62
1033,32454.0,32,1.153,1,east,employed,1.517,1516.21
1034,34404.0,61,0.528,2,east,employed,-0.133,721.71
1035,56245.0,50,0.124,2,west,employed,-2.037,1654.35
1036,39883.0,67,0.487,0,south,retired,0.952,369.56
1037,31238.0,32,0.088,0,north,self-employed,0.026,450.34
1038,31303.0,62,0.632,1,south,employed,-0.613,1123.96
1039,84023.0,21,0.309,4,east,employed,1.487,517.19
1040,36905.0,31,0.674,1,east,employed,-0.327,1025.72
1041,35872.0,47,0.221,2,north,employed,0.198,819.86
1042,22579.0,62,0.647,2,south,self-employed,-0.036,1531.63
1043,42153.0,62,0.449,2,west,retired,0.857,1814.11
1044,61311.0,44,0.301,3,east,employed,1.614,479.3
1045,,55,0.186,1,east,employed,0.322,485.18
1046,17941.0,64,0.345,3,south,employed,0.274,1017.77
1047,54424.0,66,0.253,1,west,employed,0.487,526.77
1048,51012.0,60,0.616,5,south,,0.703,601.32
1049,26968.0,60,0.67,2,west,retired,-0.22,1136.65
1050,9481.0,30,0.293,2,south,employed,-1.439,1043.52
1051,56060.0,51,0.241,2,west,employed,-0.061,769.39
1052,36128.0,24,0.279,1,north,employed,-0.218,1294.78
1053,46890.0,41,0.399,0,north,employed,-0.755,513.56
1054,106971.0,25,0.107,0,south,employed,-0.281,126.7
1055,16456.0,59,0.433,0,south,employed,0.706,1974.95
1056,38104.0,48,0.057,2,north,,0.829,1001.54
1057,42304.0,66,0.272,0,east,employed,-0.893,284.59
1058,61844.0,43,0.447,2,south,self-employed,-0.601,879.24
1059,25266.0,37,0.383,1,north,employed,0.39,645.5
1060,19142.0,25,0.708,1,north,self-employed,0.89,1888.16
1061,27552.0,31,0.348,3,east,employed,-1.535,1817.93
1062,28674.0,39,0.233,0,north,employed,-0.84,1177.7
1063,26012.0,53,0.457,0,south,self-employed,0.548,749.05
1064,,33,0.246,1,south,employed,1.521,1017.93
1065,59789.0,55,0.623,1,east,,0.033,1599.39
1066,36472.0,30,0.533,0,north,employed,-0.162,407.69
1067,23567.0,67,0.348,1,east,retired,0.643,903.41
1068,41384.0,57,0.111,0,north,employed,0.177,56.62
1069,33668.0,51,0.116,2,east,employed,0.893,292.88
1070,74324.0,48,0.276,0,west,self-employed,-0.245,215.46
1071,36035.0,46,0.573,0,south,self-employed,-0.086,1459.05
1072,62686.0,58,0.484,0,north,employed,0.431,672.37
1073,28326.0,63,0.029,0,west,retired,-0.845,918.55
1074,22888.0,66,0.139,2,south,employed,0.167,370.48
1075,26072.0,54,0.427,0,south,employed,1.729,50.79
1076,61723.0,22,0.571,4,south,employed,-1.05,684.87
1077,45692.0,44,0.061,0,east,employed,0.781,815.24
1078,51824.0,39,0.514,0,south,employed,1.259,-243.83
1079,59669.0,59,1.153,1,south,self-employed,2.302,1623.23
1080,67442.0,37,0.402,4,east,employed,-0.166,1288.69
1081,21406.0,40,0.023,0,east,employed,0.134,131.23
1082,21699.0,50,0.285,1,west,employed,0.546,-22.98
1083,27047.0,52,0.573,2,east,employed,-0.089,1809.87
1084,26250.0,66,0.389,2,west,employed,1.061,734.98
1085,14982.0,53,0.587,0,north,,-0.226,1096.57
1086,55573.0,64,0.268,3,south,retired,0.894,1025.17
1087,46617.0,59,0.293,0,south,employed,0.084,509.98
1088,37982.0,51,0.298,1,south,unemployed,0.052,281.31
1089,,26,0.437,1,south,employed,0.495,1155.78
1090,39198.0,40,0.219,0,east,self-employed,0.365,319.76
1091,31235.0,46,0.702,0,east,self-employed,-1.027,1311.55
1092,55819.0,61,0.4,0,south,self-employed,2.526,877.22
1093,60746.0,54,0.353,3,east,unemployed,-0.322,1390.09
1094,25731.0,52,0.915,0,west,employed,0.682,586.37
1095,31541.0,43,0.391,1,north,,-0.303,1415.37
1096,14535.0,46,0.35,0,west,employed,0.847,960.32
1097,17131.0,32,0.332,3,east,self-employed,-2.041,1051.2
1098,59109.0,39,0.763,0,east,employed,0.621,145.27
1099,54954.0,46,0.046,4,north,employed,1.721,747.71
1100,31145.0,41,0.675,2,west,employed,0.365,981.74
1101,43620.0,33,0.163,1,west,employed,2.224,-228.97
1102,32429.0,60,0.675,0,north,employed,1.581,976.74
1103,45151.0,29,0.433,1,east,retired,0.249,349.72
1104,36336.0,38,0.202,0,east,unemployed,-1.578,872.98
1105,45797.0,22,0.712,2,south,self-employed,0.162,1049.11
1106,48219.0,28,0.353,1,west,self-employed,0.005,1715.54
1107,33620.0,51,0.288,1,south,self-employed,-0.687,1706.0
1108,61434.0,24,0.676,0,north,employed,-1.522,1086.51
1109,43282.0,64,0.468,0,south,unemployed,-0.268,2548.75
1110,18606.0,46,1.057,1,north,employed,1.715,1230.15
1111,56496.0,60,0.75,1,west,employed,-0.299,1032.02
1112,33595.0,59,0.606,5,south,self-employed,0.632,2569.47
1113,21083.0,65,0.661,1,east,unemployed,-1.572,3076.27
1114,39575.0,64,0.868,1,west,employed,-0.415,568.8
1115,60450.0,47,0.478,2,south,unemployed,0.802,834.74
1116,95542.0,49,0.242,1,north,employed,0.057,759.42
1117,25598.0,48,0.197,3,east,employed,1.037,446.61
1118,21250.0,57,0.508,0,south,retired,1.115,1573.87
1119,25121.0,65,0.258,1,west,employed,1.467,336.92
1120,42571.0,50,0.185,4,west,,0.106,1742.57
1121,18173.0,53,0.3,1,west,employed,0.303,78.76
1122,27298.0,30,0.064,1,east,employed,-0.737,407.3
1123,,51,0.408,1,east,self-employed,0.962,69.83
1124,132530.0,47,0.204,1,east,employed,-0.747,-49.04
1125,28971.0,51,0.739,0,west,employed,1.491,692.96
1126,36128.0,66,0.112,3,north,employed,-0.888,585.06
1127,27799.0,45,0.514,2,east,employed,-0.38,943.16
1128,34947.0,52,0.755,2,south,,1.366,3589.36
1129,43109.0,68,0.298,3,south,retired,0.301,1435.43
1130,,64,0.374,0,north,employed,0.712,104.55
1131,30181.0,61,0.78,0,north,,-1.143,879.49
1132,36260.0,40,0.379,1,north,employed,-0.965,947.1
1133,30017.0,31,0.214,2,north,self-employed,-0.245,607.76
1134,41924.0,31,0.161,0,east,employed,-1.146,426.43
1135,,54,0.67,1,north,employed,-0.021,1032.29
1136,40979.0,38,0.579,0,north,employed,-1.384,1060.31
1137,43658.0,49,0.217,1,north,employed,0.906,233.09
1138,36373.0,23,0.661,2,west,employed,-0.303,2404.52
1139,17380.0,65,0.397,5,north,unemployed,1.251,5504.44
1140,30737.0,35,0.196,0,west,employed,0.645,522.19
1141,49088.0,24,0.481,4,north,employed,-0.456,2280.03
1142,31577.0,69,0.747,2,south,employed,0.128,924.99
1143,46902.0,61,0.6,0,south,employed,-2.068,1010.24
1144,111767.0,44,0.184,1,west,self-employed,0.875,766.84
1145,30949.0,64,0.444,1,north,retired,-0.16,872.86
1146,28459.0,41,0.918,1,west,self-employed,0.953,3638.26
1147,53050.0,68,0.317,1,east,employed,0.81,251.49
1148,36912.0,33,0.914,0,west,employed,0.569,1510.57
1149,35928.0,54,0.945,1,west,employed,0.465,749.9
1150,29939.0,36,0.695,0,east,self-employed,-1.633,788.52
1151,45440.0,69,0.515,0,islands,employed,-1.019,1132.44
1152,48625.0,62,0.301,1,west,employed,-0.63,469.19
1153,83092.0,37,0.396,1,east,employed,-0.283,-24.71
1154,86937.0,62,0.901,0,east,self-employed,0.261,455.84
1155,36096.0,30,0.485,2,west,employed,0.312,158.24
1156,29533.0,33,0.301,3,north,unemployed,1.517,2797.74
1157,63430.0,38,0.236,1,east,unemployed,-0.788,1093.5
1158,24391.0,67,0.304,0,south,employed,-1.548,175.66
1159,31342.0,21,0.281,1,west,employed,0.179,-202.74
1160,55067.0,61,0.479,1,south,employed,0.15,773.53
1161,35468.0,23,0.439,1,north,,1.183,932.45
1162,75076.0,26,0.918,0,east,employed,-0.416,1090.12
1163,48131.0,64,0.681,2,north,employed,0.562,1286.58
1164,103492.0,27,0.296,1,south,employed,0.591,469.89
1165,61098.0,58,0.423,1,north,retired,0.7,1090.01
1166,23236.0,37,0.397,1,west,employed,-2.258,610.85
1167,25818.0,66,0.381,0,north,employed,-1.033,924.94
1168,25338.0,34,0.236,0,west,employed,1.141,681.12
1169,63875.0,35,0.861,2,south,employed,0.514,820.22
1170,19458.0,66,0.544,0,east,retired,1.392,1233.26
1171,13242.0,50,0.205,1,west,employed,0.091,451.41
1172,60063.0,53,0.483,0,north,employed,-0.632,326.76
1173,21208.0,43,0.764,1,east,employed,1.91,309.35
1174,65009.0,69,0.638,1,west,employed,-1.032,-84.44
1175,25790.0,45,0.823,0,east,employed,0.384,1134.79
1176,18736.0,51,0.468,2,east,,-1.638,1953.43
1177,,50,0.252,4,south,self-employed,1.427,1768.99
1178,21420.0,22,0.275,2,south,employed,-0.02,597.99
1179,53050.0,25,0.517,2,west,employed,1.072,1325.45
1180,49698.0,39,0.499,0,south,retired,-0.565,679.05
1181,44949.0,39,0.416,0,west,self-employed,-1.089,981.28
1182,65087.0,57,0.356,0,east,employed,-0.901,436.4
1183,19904.0,56,0.656,2,south,retired,0.437,1188.0
1184,18768.0,21,0.366,0,south,unemployed,1.054,2736.1
1185,28267.0,44,0.488,1,south,unemployed,-1.9,972.98
1186,31938.0,40,0.315,1,south,employed,-0.506,539.06
1187,,37,0.189,2,north,employed,-0.606,982.18
1188,68561.0,35,0.825,0,north,self-employed,-0.17,362.36
1189,27701.0,48,0.267,0,islands,employed,-0.96,-165.16
1190,26126.0,23,0.403,0,north,retired,0.126,119.85
1191,34126.0,46,0.256,1,east,unemployed,-0.271,729.7
1192,27101.0,46,0.458,2,south,employed,1.894,1036.48
1193,17325.0,24,0.551,1,north,employed,0.807,1438.91
1194,18599.0,21,0.093,2,north,employed,-1.287,392.36
1195,33971.0,39,0.591,0,south,employed,0.783,771.02
1196,30378.0,68,0.441,0,south,employed,0.16,1049.55
1197,65571.0,56,0.031,1,north,employed,0.378,502.05
1198,,66,0.271,0,east,retired,-0.36,919.57
1199,18777.0,41,0.942,5,east,self-employed,-0.671,3391.55
1200,,60,0.452,1,south,employed,0.32,272.22
1201,71726.0,24,0.321,1,east,employed,-1.563,590.17
1202,35781.0,55,0.547,2,south,employed,1.307,445.38
1203,54509.0,35,1.058,0,north,employed,-1.419,1143.41
1204,58478.0,63,0.503,0,south,employed,0.074,-118.17
1205,51913.0,36,0.072,1,east,employed,-0.082,692.92
1206,51991.0,26,0.316,0,south,employed,0.829,549.4
1207,34327.0,49,0.616,0,north,employed,0.218,670.01
1208,34969.0,56,0.358,0,east,self-employed,-0.151,926.42
1209,56731.0,21,0.119,2,north,retired,1.111,981.01
1210,54404.0,43,0.215,0,west,employed,0.661,762.18
1211,74959.0,35,0.133,2,west,employed,0.294,1164.36
1212,20207.0,63,0.11,1,east,employed,-1.764,521.6
1213,77950.0,30,0.213,2,north,self-employed,0.533,1852.66
1214,22770.0,51,0.194,2,west,self-employed,0.908,1761.28
1215,42122.0,46,0.542,0,east,retired,-0.684,428.96
1216,42453.0,29,0.353,0,south,self-employed,-0.008,354.97
1217,19088.0,42,0.458,0,east,retired,0.369,823.12
1218,21627.0,50,0.604,0,east,employed,-0.864,-0.81
1219,61371.0,48,0.651,1,north,retired,-1.79,622.08
1220,68257.0,48,0.504,3,south,unemployed,0.562,6898.15
1221,41145.0,37,0.638,1,east,employed,0.466,811.87
1222,116266.0,37,0.273,1,south,unemployed,0.588,62.4
1223,53028.0,58,0.405,3,east,employed,-0.475,1206.12
1224,25026.0,69,0.725,2,west,employed,-0.44,2505.93
1225,26205.0,29,0.475,1,south,employed,0.175,758.58
1226,22171.0,65,0.282,1,west,,0.062,1348.27
1227,66258.0,66,0.865,3,east,self-employed,1.472,2239.38
1228,36455.0,58,0.624,1,south,self-employed,0.078,1035.15
1229,35793.0,22,0.559,0,north,unemployed,0.489,983.33
1230,31956.0,49,0.208,0,south,employed,-1.059,588.65
1231,19605.0,38,0.142,0,south,retired,-0.271,-51.29
1232,42981.0,39,0.645,1,north,employed,0.273,833.7
1233,,66,0.352,0,south,self-employed,-0.195,-10.21
1234,57677.0,40,0.74,3,east,retired,-1.585,2167.85
1235,,25,0.57,2,west,employed,-0.231,1973.58
1236,41459.0,27,0.283,1,west,,-1.517,1053.0
1237,61942.0,55,0.381,1,east,employed,0.875,143.81
1238,40899.0,65,0.481,2,south,self-employed,-0.759,70.45
1239,47333.0,45,0.19,3,south,employed,-0.945,802.6
1240,,67,0.84,0,east,retired,0.054,526.32
1241,,46,0.524,0,west,employed,1.451,1190.73
1242,19535.0,66,0.586,2,east,employed,-0.351,996.39
1243,29364.0,66,0.639,2,north,employed,0.44,1387.27
1244,70100.0,61,0.249,1,south,self-employed,-0.233,411.98
1245,22139.0,68,0.262,1,south,unemployed,-1.782,1007.52
1246,,55,0.738,2,west,employed,-0.38,1764.45
1247,45628.0,54,0.152,2,north,employed,0.253,277.76
1248,42928.0,57,0.737,2,north,self-employed,1.182,3958.31
1249,38709.0,21,0.149,6,east,employed,-0.742,1509.43
1250,,59,0.484,1,north,employed,0.538,863.55
1251,62532.0,68,0.447,1,north,retired,0.732,529.24
1252,43231.0,39,0.229,1,north,self-employed,0.904,513.37
1253,38945.0,69,0.129,3,south,self-employed,-0.02,749.19
1254,57968.0,24,0.151,1,east,employed,-0.354,14.41
1255,26037.0,32,0.164,1,south,employed,-1.591,104.35
1256,19593.0,22,0.379,0,east,employed,1.871,427.33
1257,25771.0,32,0.485,3,west,self-employed,0.044,3534.51
1258,24692.0,61,0.711,1,west,self-employed,-0.652,871.45
1259,24877.0,33,0.117,4,west,self-employed,0.57,1070.82
1260,29145.0,58,1.064,2,west,employed,1.437,1198.09
1261,102547.0,30,0.524,0,south,employed,-0.923,30.02
1262,38206.0,50,0.547,0,east,employed,0.335,334.86
1263,14379.0,45,0.168,0,west,employed,-0.917,1078.9
1264,14345.0,54,0.19,3,west,,0.863,3109.05
1265,19471.0,54,0.829,2,west,employed,-0.27,1861.55
1266,22408.0,42,0.616,1,south,employed,-1.455,633.46
1267,52923.0,49,0.322,2,west,,-0.035,975.93
1268,77944.0,69,0.19,0,east,self-employed,-0.722,790.91
1269,,63,0.663,0,north,employed,2.427,635.78
1270,25372.0,21,0.519,3,west,employed,0.345,2380.18
1271,20186.0,68,0.222,1,south,employed,-0.342,32.68
1272,,63,0.356,1,south,employed,0.925,451.22
1273,,34,0.543,1,east,employed,-0.965,3.37
1274,38216.0,56,0.181,1,south,employed,0.63,433.74
1275,,36,0.073,1,north,employed,0.698,89.03
1276,,22,0.335,0,south,employed,0.139,13.38
1277,19978.0,43,0.474,2,west,unemployed,-1.157,1373.25
1278,64905.0,24,0.509,0,south,,0.157,605.66
1279,38286.0,59,0.624,6,west,employed,0.394,3576.91
1280,38738.0,25,0.392,2,south,employed,-0.34,817.53
1281,34299.0,67,0.394,1,north,retired,-1.256,1216.22
1282,23986.0,29,0.791,1,west,employed,0.633,1385.19
1283,36458.0,26,0.491,0,east,self-employed,0.379,1574.45
1284,27164.0,27,0.48,2,south,employed,-1.498,221.22
1285,41803.0,21,0.439,2,east,retired,-0.906,907.22
1286,33961.0,24,0.363,1,west,employed,-0.096,1101.77
1287,55271.0,28,0.264,2,north,employed,0.171,196.24
1288,31820.0,35,0.36,0,west,employed,-0.241,865.46
1289,20030.0,21,0.281,0,south,employed,-0.717,963.66
1290,,24,0.376,1,south,employed,-0.026,263.56
1291,62729.0,28,0.93,1,north,self-employed,0.18,1095.74
1292,48391.0,24,0.597,3,north,employed,0.336,1256.55
1293,22494.0,45,0.194,1,south,self-employed,2.018,2018.01
1294,63568.0,30,0.104,4,south,employed,1.137,396.71
1295,12213.0,37,0.414,0,west,retired,2.767,233.07
1296,39344.0,57,0.507,0,south,self-employed,1.042,948.66
1297,57261.0,47,0.945,2,north,employed,-0.719,914.95
1298,34378.0,58,0.399,1,north,employed,-0.486,154.07
1299,37775.0,66,0.083,1,west,self-employed,-0.58,705.69
1300,41809.0,59,0.247,2,north,employed,1.611,263.65
1301,60295.0,56,0.206,3,west,employed,-0.123,-107.89
1302,34288.0,39,0.197,0,north,employed,-0.818,250.69
1303,14295.0,38,0.632,0,north,employed,-0.718,1175.05
1304,69246.0,68,0.206,3,east,employed,-0.088,798.8
1305,54135.0,54,0.547,0,south,employed,1.01,360.04
1306,63380.0,52,0.789,1,south,employed,0.729,222.74
1307,47579.0,63,0.716,1,south,employed,0.827,621.27
1308,34509.0,57,0.561,1,south,employed,0.549,1210.73
1309,17749.0,28,0.555,3,south,unemployed,-1.913,3284.72
1310,,23,0.112,2,west,employed,-0.191,-113.37
1311,22611.0,63,0.38,1,south,employed,0.933,281.81
1312,34837.0,37,1.082,1,east,employed,0.464,1138.02
1313,64346.0,21,0.717,0,east,employed,0.2,814.97
1314,54937.0,69,0.357,2,north,,0.08,1367.33
1315,56209.0,23,0.267,1,south,self-employed,-0.433,199.67
1316,65919.0,67,0.216,5,east,self-employed,0.108,1833.12
1317,49905.0,63,0.32,2,north,employed,0.57,482.13
1318,29956.0,34,0.439,0,east,employed,-1.774,517.04
1319,29675.0,64,0.054,2,north,employed,0.706,16.67
1320,29476.0,51,0.447,0,west,employed,1.012,649.82
1321,35744.0,52,0.322,3,east,employed,0.356,333.74
1322,19242.0,23,0.894,1,south,employed,1.29,1352.5
1323,29267.0,49,0.501,1,south,employed,-1.882,461.98
1324,29286.0,34,0.579,1,south,retired,0.586,1125.66
1325,33883.0,40,0.649,0,south,employed,-1.717,1176.9
1326,30936.0,49,0.57,0,east,employed,0.312,1556.82
1327,,60,0.121,2,north,unemployed,0.55,1239.92
1328,30381.0,62,0.364,1,north,employed,-1.626,1271.6
1329,37806.0,48,0.428,0,west,employed,1.124,962.44
1330,24673.0,64,0.201,2,east,unemployed,0.527,1099.0
1331,45138.0,55,0.877,2,west,retired,0.795,2258.56
1332,44061.0,32,0.366,1,north,employed,0.345,794.66
1333,,29,0.191,1,east,retired,-0.776,171.98
1334,26916.0,43,0.759,2,east,self-employed,-0.644,2110.97
1335,47308.0,22,0.044,3,north,retired,-0.388,1673.58
1336,29187.0,65,0.263,3,north,self-employed,-0.814,1300.11
1337,24190.0,30,0.186,1,east,employed,-1.975,1108.09
1338,6169.0,25,0.108,2,south,employed,-0.003,1362.27
1339,68949.0,38,0.437,1,south,employed,-0.611,-99.06
1340,51029.0,33,0.41,1,north,employed,-1.285,646.17
1341,43295.0,34,0.218,1,east,self-employed,0.691,1418.32
1342,32606.0,33,0.356,1,south,employed,-1.181,684.45
1343,25782.0,63,0.749,1,south,employed,2.317,590.24
1344,30368.0,33,0.65,1,east,unemployed,0.265,1834.32
1345,14587.0,62,0.033,2,west,unemployed,-1.376,1589.65
1346,28967.0,34,0.339,3,west,employed,-0.436,1234.97
1347,39286.0,44,0.343,3,west,employed,-0.396,1649.39
1348,35754.0,53,0.386,5,south,unemployed,0.119,6811.83
1349,24989.0,44,0.183,2,north,employed,1.565,476.82
1350,56426.0,55,0.541,0,south,unemployed,0.144,426.94
1351,21901.0,49,0.294,1,east,employed,-0.947,554.9
1352,130740.0,49,0.324,3,east,employed,1.402,-285.55
1353,77847.0,39,0.667,2,north,employed,-1.158,874.8
1354,63848.0,47,0.483,2,west,employed,0.864,963.56
1355,67419.0,54,0.337,1,north,employed,1.507,-10.67
1356,32750.0,68,0.291,0,south,employed,1.056,-265.67
1357,36695.0,67,0.486,3,east,employed,0.975,1230.11
1358,24870.0,43,0.422,1,east,employed,-1.238,921.24
1359,48081.0,54,0.659,0,north,retired,-1.269,270.61
1360,50978.0,23,0.426,1,west,self-employed,0.435,715.22
1361,50256.0,33,0.339,1,north,self-employed,-1.298,1457.72
1362,55005.0,36,0.38,1,east,employed,0.121,597.09
1363,58288.0,36,0.783,0,south,self-employed,1.115,1673.31
1364,31822.0,29,0.788,0,south,unemployed,0.821,2440.68
1365,36282.0,33,0.237,2,south,self-employed,-0.172,1109.62
1366,23784.0,58,0.802,2,north,employed,-0.502,1313.81
1367,33452.0,52,0.609,1,south,employed,1.374,678.61
1368,,63,0.474,3,north,self-employed,-0.234,271.78
1369,51907.0,52,0.075,0,west,employed,-1.053,616.65
1370,23551.0,26,0.861,1,west,self-employed,1.212,2444.77
1371,42471.0,67,0.247,0,west,,-0.317,591.97
1372,53911.0,41,0.671,3,west,employed,1.469,2752.66
1373,56941.0,37,0.426,1,north,employed,1.116,639.52
1374,22759.0,65,0.347,0,east,retired,0.038,942.32
1375,26927.0,34,0.293,1,east,self-employed,-0.52,1280.33
1376,13261.0,23,0.191,2,south,self-employed,1.704,2210.62
1377,39144.0,63,0.206,1,north,,0.152,1447.96
1378,42971.0,56,0.43,1,south,employed,-0.992,812.59
1379,27185.0,64,0.42,0,north,employed,-0.439,668.15
1380,49423.0,32,0.193,1,west,employed,1.111,39.61
1381,54414.0,42,0.707,1,south,employed,1.048,581.32
1382,16840.0,26,0.236,0,north,employed,0.409,1180.98
1383,15479.0,32,0.58,2,south,self-employed,0.145,2873.55
1384,19917.0,34,0.446,0,east,employed,1.229,473.38
1385,67242.0,29,0.408,0,north,employed,0.53,1016.87
1386,45245.0,61,0.53,3,west,employed,0.472,1299.47
1387,39072.0,25,0.252,2,south,employed,1.065,592.78
1388,38718.0,67,0.219,3,west,employed,0.545,-33.25
1389,,44,0.948,3,west,employed,0.64,1856.9
1390,,56,0.039,2,south,employed,-0.042,562.86
1391,38659.0,42,0.682,3,north,employed,-1.886,2111.94
1392,57910.0,34,0.34,2,west,self-employed,-0.668,1691.95
1393,46625.0,45,0.643,4,south,self-employed,-1.943,2595.04
1394,35522.0,47,0.615,1,south,employed,0.456,1289.95
1395,31478.0,58,0.602,2,west,employed,-0.525,1542.92
1396,,49,0.58,1,south,employed,0.939,826.78
1397,80647.0,63,0.203,0,west,employed,0.712,574.6
1398,70965.0,36,0.382,0,north,employed,0.719,17.74
1399,17598.0,28,0.171,1,south,self-employed,-0.422,438.15
1400,20011.0,65,0.245,0,south,employed,1.515,-72.06
1401,72316.0,37,0.522,1,south,self-employed,0.322,1533.87
1402,40895.0,31,0.452,1,north,employed,2.28,787.85
1403,94284.0,55,0.337,0,south,employed,0.526,266.16
1404,32400.0,43,0.31,0,south,employed,2.146,487.47
1405,,69,0.416,0,east,unemployed,0.642,1020.32
1406,90628.0,63,0.402,0,west,self-employed,0.479,79.37
1407,34112.0,22,0.072,0,east,employed,-0.037,356.87
1408,40498.0,61,0.893,2,islands,employed,0.686,1389.4
1409,66000.0,37,0.111,1,north,employed,-0.072,174.45
1410,57611.0,46,0.33,1,east,employed,-0.653,625.19
1411,34184.0,40,0.571,3,east,employed,0.181,1112.7
1412,28631.0,57,0.566,2,south,employed,-0.878,979.85
1413,58684.0,66,0.358,1,south,employed,0.149,-50.37
1414,33391.0,67,0.879,2,west,employed,2.205,820.16
1415,30697.0,64,0.505,1,south,employed,-0.357,1120.24
1416,88091.0,55,0.155,1,west,unemployed,0.403,476.81
1417,58837.0,62,0.811,0,south,employed,-0.24,318.08
1418,23101.0,45,0.512,2,west,,0.437,2735.38
1419,36877.0,58,0.294,3,north,employed,0.282,305.39
1420,88516.0,68,0.756,4,north,employed,2.278,423.48
1421,48231.0,40,0.841,2,west,,0.541,1457.79
1422,82808.0,59,0.558,0,west,employed,-0.06,-153.38
1423,19075.0,62,0.172,2,west,unemployed,1.306,1281.21
1424,55683.0,49,0.121,2,south,employed,0.533,658.1
1425,40072.0,64,0.077,2,south,employed,0.581,218.43
1426,93701.0,56,0.287,0,north,employed,-1.112,480.23
1427,30773.0,37,0.584,1,north,self-employed,1.683,935.11
1428,,41,0.218,2,south,employed,-0.144,1509.09
1429,29563.0,29,0.096,1,south,employed,-0.548,712.3
1430,24963.0,69,0.314,0,south,employed,0.404,-59.67
1431,36677.0,66,0.201,0,east,employed,0.673,163.49
1432,74017.0,31,0.292,0,north,employed,0.789,-281.85
1433,37267.0,56,0.267,2,north,employed,-0.799,1016.95
1434,14752.0,21,0.167,1,west,self-employed,0.264,811.49
1435,40850.0,38,0.221,4,west,employed,0.492,823.46
1436,19856.0,61,0.111,2,north,,-0.443,760.24
1437,121513.0,55,0.117,1,east,retired,2.368,203.04
1438,46925.0,44,0.14,1,south,employed,-2.701,679.6
1439,30612.0,46,0.185,1,east,employed,0.362,1397.88
1440,26343.0,68,0.241,3,west,employed,0.798,873.91
1441,55414.0,28,0.518,1,west,employed,1.062,113.51
1442,30250.0,32,0.476,0,north,self-employed,0.418,1255.49
1443,40003.0,29,0.089,0,north,employed,-0.067,222.68
1444,22600.0,56,0.414,3,east,employed,0.855,718.88
1445,59141.0,30,0.545,1,east,retired,1.694,2320.78
1446,29832.0,52,0.342,0,south,employed,-0.187,382.24
1447,84979.0,32,0.279,2,north,employed,-0.77,483.92
1448,19048.0,44,0.423,2,north,unemployed,0.318,1354.79
1449,49245.0,47,0.35,1,east,unemployed,-0.715,1601.6
1450,37003.0,47,0.302,1,east,retired,2.194,638.98
1451,22212.0,61,0.489,1,north,employed,0.522,458.25
1452,108176.0,36,0.74,2,south,self-employed,0.486,83.89
1453,21643.0,68,0.744,2,east,employed,-0.745,898.5
1454,36786.0,61,0.264,1,north,self-employed,0.195,377.66
1455,42996.0,36,0.124,2,south,self-employed,-0.39,653.69
1456,56375.0,66,0.994,0,north,employed,1.967,1087.52
1457,50404.0,37,0.41,0,south,retired,-0.405,1570.2
1458,26867.0,30,0.493,2,south,self-employed,-1.08,2105.78
1459,45172.0,42,0.125,1,north,employed,-1.962,439.21
1460,44324.0,49,0.179,3,south,self-employed,0.876,665.8
1461,53390.0,56,0.28,1,south,employed,-0.672,1491.15
1462,39761.0,43,0.341,0,west,employed,0.606,492.75
1463,16376.0,24,0.161,3,south,unemployed,-0.112,2157.45
1464,37817.0,46,0.833,1,north,self-employed,1.662,2050.59
1465,33081.0,39,0.116,1,south,retired,0.476,1718.64
1466,51474.0,59,0.485,0,east,self-employed,-1.553,763.05
1467,24383.0,54,0.189,2,south,employed,-1.294,1677.48
1468,,48,0.714,3,south,employed,1.664,1618.31
1469,35244.0,23,0.602,3,west,retired,-0.7,4204.98
1470,162477.0,31,0.305,1,west,employed,0.502,294.97
1471,26143.0,58,0.909,1,south,employed,1.375,1393.9
1472,80627.0,38,0.682,0,east,employed,-1.237,307.03
1473,34634.0,33,0.469,0,east,self-employed,0.164,469.17
1474,53818.0,58,0.402,1,north,employed,-0.273,446.45
1475,45945.0,48,0.705,1,north,self-employed,-0.205,754.61
1476,50741.0,60,0.627,1,south,self-employed,1.017,1269.52
1477,13899.0,60,0.227,2,north,employed,0.073,1651.98
1478,56175.0,43,0.465,0,north,employed,-0.069,-80.34
1479,10550.0,58,0.225,2,north,employed,-0.878,536.71
1480,14906.0,54,0.141,0,east,self-employed,-0.636,601.48
1481,40446.0,30,0.357,2,south,employed,-1.306,656.55
1482,43241.0,33,0.429,0,east,unemployed,-0.006,1296.58
1483,16825.0,59,0.495,2,south,employed,0.702,1456.4
1484,23433.0,61,0.09,2,north,employed,0.177,349.97
1485,32156.0,67,0.168,1,west,employed,-1.171,-193.88
1486,31782.0,53,0.426,0,north,employed,-0.794,-70.35
1487,14830.0,45,0.351,0,south,employed,0.47,995.62
1488,17895.0,62,0.217,3,east,employed,0.516,476.81
1489,,27,0.363,2,north,unemployed,-1.578,2686.68
1490,18872.0,66,0.257,1,north,retired,0.606,510.45
1491,,26,0.293,0,west,employed,-0.118,404.04
1492,15644.0,33,0.699,1,west,employed,0.126,686.4
1493,55188.0,47,0.35,2,north,self-employed,-0.092,1065.09
1494,36489.0,62,0.51,1,north,employed,-0.431,591.41
1495,34598.0,25,0.824,1,south,unemployed,0.926,1593.63
1496,36965.0,49,0.857,1,south,employed,0.578,489.61
1497,39535.0,55,0.2,2,islands,unemployed,0.368,1333.75
1498,16240.0,25,0.422,0,south,employed,-1.892,337.34
1499,,64,0.353,1,islands,employed,0.775,991.51
1500,72558.0,26,0.677,1,west,employed,-0.79,1250.23
1501,32267.0,63,0.038,0,west,retired,-1.048,72.7
1502,,22,0.837,1,north,,0.613,2367.81
1503,53008.0,27,0.466,0,south,employed,-0.519,699.71
1504,,43,0.121,0,north,employed,-0.976,-82.47
1505,42447.0,66,0.184,1,west,employed,-1.561,1889.73
1506,40267.0,55,0.518,4,south,retired,1.889,1071.67
1507,24477.0,68,0.442,1,north,employed,0.165,411.09
1508,123947.0,30,0.464,1,south,employed,0.263,471.09
1509,45465.0,52,0.072,4,south,employed,-0.322,1086.18
1510,19534.0,30,0.152,3,south,employed,-0.48,649.81
1511,20495.0,26,0.915,1,north,employed,0.839,2297.86
1512,77480.0,31,0.396,1,south,self-employed,-0.599,-129.34
1513,18738.0,60,0.763,4,south,employed,-1.176,3355.6
1514,19033.0,56,0.674,0,west,employed,2.659,241.75
1515,78156.0,33,0.123,1,south,employed,-0.105,-219.76
1516,66213.0,56,0.369,4,north,employed,0.475,1457.32
1517,21709.0,61,0.496,0,east,retired,0.949,1438.21
1518,43896.0,30,0.214,2,east,self-employed,0.426,1708.06
1519,29644.0,24,0.481,0,west,,0.298,2600.5
1520,38099.0,66,0.175,3,west,,1.66,484.26
1521,24831.0,27,0.285,1,east,employed,-0.985,787.47
1522,43142.0,40,1.094,1,south,unemployed,0.671,1433.22
1523,53281.0,64,0.381,0,north,employed,0.525,216.88
1524,35523.0,35,0.183,1,north,employed,0.93,-107.79
1525,,37,0.809,0,south,employed,-1.736,1290.3
1526,30875.0,29,0.835,3,north,,-0.584,5869.9
1527,25336.0,30,0.278,0,east,employed,0.333,969.91
1528,52223.0,38,0.098,1,north,employed,0.144,622.96
1529,29086.0,30,0.258,2,east,unemployed,0.542,5702.45
1530,13692.0,31,0.182,1,south,retired,0.065,603.76
1531,,52,0.733,3,west,employed,-0.495,852.56
1532,25566.0,22,0.263,1,north,employed,0.329,932.99
1533,10327.0,67,0.425,1,north,employed,0.565,796.69
1534,51702.0,29,0.365,2,north,self-employed,1.13,975.96
1535,69562.0,28,1.081,1,north,employed,-1.098,1251.84
1536,54892.0,63,0.639,2,east,self-employed,-0.2,861.42
1537,28831.0,57,0.655,0,north,employed,1.748,730.17
1538,77967.0,47,0.522,0,west,employed,-0.351,398.04
1539,24381.0,32,0.169,0,east,self-employed,0.824,879.77
1540,63753.0,65,0.939,0,west,employed,0.574,278.37
1541,19736.0,57,0.444,0,east,employed,-0.578,180.74
1542,55411.0,63,0.638,2,south,employed,0.918,1294.24
1543,38314.0,32,0.251,1,west,unemployed,-0.855,1530.85
1544,45225.0,43,0.275,1,east,employed,0.44,516.49
1545,28724.0,31,0.324,2,south,employed,0.711,1497.71
1546,20265.0,67,0.133,2,north,self-employed,-0.406,2268.56
1547,20457.0,63,0.664,0,south,self-employed,-0.975,836.34
1548,32040.0,28,0.773,1,north,unemployed,-0.321,1964.48
1549,27581.0,40,0.556,3,west,self-employed,-0.554,3936.86
1550,44027.0,51,0.526,0,east,employed,-1.64,1079.01
1551,51549.0,37,0.03,1,south,,0.529,364.55
1552,42897.0,48,0.694,0,east,employed,0.768,526.81
1553,28971.0,57,0.824,1,north,employed,0.876,2067.05
1554,65782.0,65,0.47,2,west,unemployed,0.355,763.95
1555,35369.0,21,0.231,1,south,employed,-1.14,584.75
1556,72505.0,61,0.398,2,east,self-employed,-0.866,465.56
1557,15292.0,25,0.227,2,north,employed,-0.211,407.02
1558,86852.0,35,0.833,1,north,employed,0.632,1026.16
1559,11637.0,62,0.547,2,north,self-employed,-0.107,2947.14
1560,71736.0,68,0.705,1,south,employed,-1.19,802.24
1561,52556.0,28,0.304,0,east,employed,-0.526,371.39
1562,60859.0,53,0.448,0,south,retired,0.724,353.68
1563,27419.0,44,0.548,0,south,employed,-0.765,-60.42
1564,40889.0,32,0.556,0,south,employed,0.685,1050.45
1565,42511.0,64,0.304,1,south,employed,-0.158,363.47
1566,48398.0,50,0.11,1,east,employed,-0.923,25.25
1567,34608.0,24,0.741,0,north,unemployed,-0.489,1968.91
1568,19576.0,25,0.413,0,east,employed,1.544,366.92
1569,43523.0,26,0.13,2,east,,0.202,500.91
1570,25263.0,25,0.679,0,south,employed,0.348,1161.31
1571,46978.0,61,0.437,1,south,employed,-0.844,-292.24
1572,39199.0,35,0.711,2,east,self-employed,0.748,629.05
1573,35389.0,46,0.438,1,west,employed,-0.219,302.22
1574,51955.0,57,0.505,2,west,retired,0.353,1217.17
1575,40856.0,45,0.382,0,north,employed,-0.19,577.05
1576,31369.0,59,0.251,0,east,self-employed,0.424,752.9
1577,42375.0,59,0.649,1,east,,0.414,869.29
1578,62117.0,65,0.082,0,north,employed,0.143,151.12
1579,23650.0,68,0.328,1,south,unemployed,0.707,1277.47
1580,76324.0,34,0.282,3,north,employed,0.947,987.86
1581,,44,0.482,4,south,employed,-0.901,3156.24
1582,22146.0,55,0.294,2,south,self-employed,0.893,989.4
1583,45558.0,60,0.116,1,north,employed,0.513,112.46
1584,69213.0,31,0.384,0,south,,0.064,439.56
1585,31624.0,44,0.686,0,north,employed,-0.329,1205.98
1586,29294.0,44,0.342,2,south,employed,-0.127,885.01
1587,70974.0,63,0.158,0,north,,-0.603,309.1
1588,,63,0.519,0,north,employed,0.53,537.91
1589,39130.0,37,0.058,0,south,employed,0.002,-219.36
1590,,45,0.1,1,north,employed,0.375,986.37
1591,46464.0,26,0.22,1,west,employed,0.218,3.77
1592,32498.0,25,0.337,1,east,employed,-1.664,988.32
1593,27586.0,34,0.068,1,south,employed,1.453,466.64
1594,25779.0,68,0.724,1,south,unemployed,0.519,1552.84
1595,52127.0,67,0.626,2,south,employed,1.01,802.48
1596,31812.0,66,0.657,1,east,retired,0.534,2065.89
1597,73215.0,48,0.324,4,north,unemployed,-1.165,1076.08
1598,33703.0,30,0.376,2,south,unemployed,-0.162,1586.93
1599,32263.0,26,0.555,1,south,self-employed,0.034,1113.05
1600,14430.0,26,0.089,1,south,employed,-1.774,1250.4
1601,38641.0,42,0.35,2,east,unemployed,-2.046,1822.12
1602,44669.0,69,0.191,0,east,retired,-0.772,792.92
1603,45786.0,43,0.667,1,east,self-employed,-0.628,1187.13
1604,62645.0,35,0.497,1,west,employed,-2.132,497.91
1605,126011.0,68,0.564,0,east,self-employed,-1.327,50.42
1606,40891.0,46,0.126,0,south,self-employed,-0.272,101.62
1607,23602.0,50,0.3,4,north,self-employed,0.497,3551.95
1608,16241.0,51,0.357,0,east,employed,0.416,-58.76
1609,106738.0,31,0.213,0,west,self-employed,1.766,328.01
1610,19573.0,50,0.658,1,south,employed,0.532,1144.72
1611,18254.0,37,0.422,1,north,employed,-1.798,1454.78
1612,32147.0,46,1.003,0,south,retired,-0.378,1898.42
1613,16722.0,66,0.391,1,north,employed,0.213,267.11
1614,16520.0,40,0.144,2,west,unemployed,-0.182,935.68
1615,94001.0,37,0.615,1,south,employed,1.027,778.38
1616,73803.0,34,0.112,1,west,self-employed,-0.132,541.73
1617,26493.0,31,0.567,0,south,self-employed,-0.575,1203.13
1618,15285.0,64,0.378,1,north,employed,1.431,1800.62
1619,36823.0,26,0.104,2,east,self-employed,-0.54,346.77
1620,44966.0,68,0.868,1,west,employed,0.827,2488.17
1621,37754.0,33,0.26,1,north,,-0.901,3284.77
1622,12030.0,30,0.176,3,west,employed,-0.356,2884.55
1623,39753.0,46,0.729,0,east,employed,-0.239,367.05
1624,,28,0.451,1,north,employed,0.653,1447.13
1625,17072.0,66,0.328,3,north,self-employed,-0.426,3042.33
1626,,32,0.534,0,north,employed,1.259,772.31
1627,31542.0,55,0.706,2,south,employed,-1.242,573.93
1628,51834.0,64,0.057,0,south,employed,1.285,215.25
1629,114453.0,56,0.809,2,west,employed,0.51,787.09
1630,26741.0,69,0.578,0,west,self-employed,-1.309,773.0
1631,40540.0,65,0.586,2,south,employed,0.402,1177.87
1632,64825.0,56,0.738,3,west,employed,0.105,1251.64
1633,36240.0,31,0.516,2,east,retired,0.556,1182.61
1634,29965.0,64,0.816,0,east,self-employed,-0.177,1913.32
1635,18139.0,41,0.054,0,east,employed,0.999,365.11
1636,23569.0,29,0.147,0,south,employed,-0.466,573.91
1637,,44,0.14,1,east,employed,1.704,278.8
1638,35025.0,35,0.319,2,south,employed,-2.641,769.29
1639,9962.0,46,0.43,2,west,self-employed,0.637,2341.17
1640,56630.0,49,0.525,0,east,self-employed,-0.668,-77.36
1641,11889.0,41,0.556,2,north,self-employed,-0.813,2116.65
1642,62099.0,31,0.315,0,north,employed,-0.51,467.55
1643,21367.0,59,0.276,4,south,self-employed,-1.724,1061.01
1644,33558.0,53,0.174,3,east,unemployed,-0.673,1209.17
1645,32935.0,32,0.373,1,west,employed,0.644,984.51
1646,28422.0,21,0.084,1,north,employed,-0.575,888.14
1647,28846.0,36,0.44,1,west,employed,1.171,698.5
1648,27127.0,37,0.519,0,south,self-employed,-1.681,1160.28
1649,53621.0,35,0.306,1,north,employed,0.287,1336.39
1650,50269.0,52,0.323,1,north,self-employed,-2.634,2000.17
1651,8583.0,53,0.451,3,south,unemployed,-1.379,4211.81
1652,29242.0,59,0.352,3,north,employed,0.184,826.81
1653,66197.0,46,0.144,1,east,employed,1.42,520.87
1654,70852.0,58,0.386,0,north,self-employed,1.112,159.22
1655,74852.0,57,0.546,1,south,unemployed,1.881,733.62
1656,39285.0,65,0.643,1,east,unemployed,-0.334,4015.85
1657,28319.0,35,0.505,3,south,self-employed,-0.695,2959.66
1658,33000.0,37,0.419,1,north,employed,-1.207,457.31
1659,32128.0,56,0.728,0,south,self-employed,-0.569,1233.94
1660,35415.0,44,0.238,4,west,employed,0.045,885.64
1661,25441.0,39,0.252,4,north,unemployed,0.598,2536.9
1662,31425.0,29,0.439,0,south,unemployed,-0.467,1105.32
1663,62620.0,57,0.698,0,west,employed,0.198,33.64
1664,25071.0,65,0.089,0,south,,-1.295,1044.78
1665,42283.0,42,0.542,1,east,self-employed,-0.426,918.63
1666,49294.0,30,0.554,0,east,self-employed,0.526,214.77
1667,,53,0.625,1,north,retired,0.564,2835.35
1668,22435.0,51,0.517,0,west,unemployed,-1.228,2679.9
1669,,49,0.43,1,south,self-employed,1.41,748.21
1670,52171.0,43,0.083,2,south,employed,-2.094,406.23
1671,48348.0,61,0.697,0,north,employed,-2.643,718.52
1672,15279.0,66,0.828,0,south,employed,-1.256,1429.99
1673,89881.0,44,0.076,1,south,self-employed,1.117,321.88
1674,40168.0,41,0.553,0,north,retired,0.095,709.07
1675,81276.0,59,0.53,0,south,self-employed,0.681,1095.47
1676,48751.0,39,0.297,1,west,employed,0.26,256.18
1677,48924.0,28,0.205,2,north,employed,1.273,543.48
1678,14775.0,53,0.452,0,west,employed,0.17,923.7
1679,41304.0,52,0.223,1,north,employed,0.374,346.56
1680,59337.0,23,0.375,0,west,self-employed,1.818,796.69
1681,49811.0,34,0.372,4,east,,-0.555,956.0
1682,60468.0,46,0.253,2,west,unemployed,-0.827,1305.88
1683,60445.0,59,0.377,3,east,employed,0.558,837.54
1684,28557.0,61,0.146,0,west,employed,-0.826,-608.29
1685,42870.0,57,0.379,5,north,retired,-0.295,2130.91
1686,118041.0,61,0.604,0,south,employed,0.241,1085.63
1687,38446.0,65,0.372,0,south,retired,-0.82,541.84
1688,28895.0,25,0.234,3,east,retired,0.118,2036.97
1689,45371.0,47,0.594,3,east,employed,-0.13,897.57
1690,41309.0,62,0.298,1,south,employed,-0.47,512.86
1691,27508.0,27,0.739,1,south,employed,-0.259,1145.55
1692,31199.0,31,0.165,2,east,,-1.487,1235.7
1693,18520.0,57,1.153,0,north,employed,0.465,1631.18
1694,29735.0,46,0.68,2,west,employed,0.386,1128.32
1695,81252.0,44,0.549,1,east,employed,0.493,284.94
1696,56770.0,62,0.543,1,west,unemployed,0.823,2553.32
1697,27116.0,61,0.075,1,east,retired,-0.199,836.39
1698,38740.0,32,0.097,1,east,self-employed,2.773,692.51
1699,24337.0,32,0.164,4,west,self-employed,0.487,1158.39
1700,41584.0,29,0.153,3,south,,-1.431,1995.62
1701,,33,0.465,2,west,unemployed,-0.6,3951.98
1702,27517.0,46,0.554,2,south,retired,-0.953,1191.86
1703,,51,0.31,1,east,retired,0.129,711.28
1704,51216.0,45,0.333,2,south,employed,0.209,913.64
1705,36582.0,22,0.455,1,west,employed,0.195,528.31
1706,56668.0,32,0.083,0,west,unemployed,1.138,-35.55
1707,123376.0,45,0.118,1,north,employed,0.132,416.66
1708,32198.0,65,0.746,0,north,retired,1.705,485.48
1709,46088.0,56,0.797,0,south,employed,1.053,1027.22
1710,63710.0,41,0.077,0,west,unemployed,-0.826,298.71
1711,31053.0,33,0.35,0,north,employed,-0.428,315.08
1712,66349.0,66,0.586,2,south,employed,-1.215,894.12
1713,16539.0,48,0.695,1,north,employed,0.373,597.17
1714,19042.0,52,0.385,2,west,self-employed,-1.66,923.23
1715,58824.0,32,0.479,1,west,employed,0.865,949.71
1716,28928.0,39,0.86,1,north,employed,-0.057,2003.46
1717,36375.0,38,0.226,0,south,unemployed,1.21,785.2
1718,13506.0,41,0.094,0,north,self-employed,1.041,559.47
1719,47912.0,51,0.532,0,south,unemployed,-1.971,1714.61
1720,15393.0,38,0.431,4,south,employed,-0.44,1069.7
1721,72985.0,64,0.306,3,west,employed,1.209,577.43
1722,8850.0,63,0.718,2,north,employed,-0.266,3815.72
1723,27711.0,43,0.297,0,south,employed,0.19,610.9
1724,31814.0,54,0.518,0,south,unemployed,0.254,974.14
1725,75496.0,38,0.653,0,south,self-employed,0.837,-52.65
1726,48136.0,40,0.468,0,north,employed,0.274,540.03
1727,49139.0,55,0.45,0,west,employed,-0.656,-213.68
1728,59554.0,39,0.376,2,west,employed,0.694,1039.67
1729,44219.0,67,0.47,1,east,retired,0.24,703.64
1730,45848.0,50,0.405,1,east,employed,-0.883,144.3
1731,48279.0,68,0.193,0,north,employed,0.082,370.74
1732,14072.0,58,0.091,0,east,employed,-1.971,1005.89
1733,54358.0,51,0.239,0,west,employed,-2.889,-474.07
1734,42667.0,62,0.858,0,east,employed,-0.861,726.81
1735,29864.0,29,0.081,2,north,employed,-0.523,545.13
1736,39565.0,56,0.932,3,south,self-employed,-2.559,3045.64
1737,20465.0,43,0.706,0,south,employed,-0.039,393.73
1738,,36,0.052,1,south,self-employed,-0.994,733.0
1739,24092.0,63,0.707,1,east,employed,-0.188,1182.51
1740,53288.0,35,0.511,2,south,,-0.032,1131.11
1741,,24,0.528,1,south,employed,0.704,-137.83
1742,23882.0,62,0.256,0,east,employed,-0.92,278.93
1743,29044.0,68,0.475,3,west,employed,0.622,1806.87
1744,29825.0,66,0.396,2,north,self-employed,-0.059,933.43
1745,39023.0,59,0.576,1,south,employed,-1.585,775.36
1746,31460.0,65,0.253,0,west,employed,-0.674,657.56
1747,18408.0,62,0.399,4,north,self-employed,1.232,1812.02
1748,67149.0,47,0.135,1,west,retired,-1.996,573.09
1749,47679.0,25,0.103,1,east,self-employed,0.527,350.13
1750,52441.0,25,0.73,0,north,employed,0.689,160.78
1751,21639.0,63,0.5,0,north,employed,0.754,66.45
1752,,62,0.408,2,east,retired,-0.242,1362.83
1753,45307.0,45,0.428,2,east,employed,0.112,469.7
1754,101978.0,57,0.366,1,north,employed,0.972,138.62
1755,28438.0,61,0.269,0,islands,unemployed,0.632,856.4
1756,46898.0,32,0.411,0,south,self-employed,1.027,324.37
1757,34113.0,59,0.317,1,north,self-employed,1.355,1039.41
1758,73472.0,29,0.551,1,south,unemployed,-0.315,1565.86
1759,30838.0,30,0.102,3,north,employed,-0.214,706.4
1760,35716.0,64,0.611,3,south,employed,-0.394,67.7
1761,23715.0,61,0.361,0,north,employed,1.615,535.87
1762,47923.0,41,0.183,1,west,unemployed,0.799,383.97
1763,,53,0.706,0,west,retired,-1.074,409.29
1764,35867.0,32,0.702,2,north,employed,1.074,71.23
1765,41986.0,39,0.442,1,north,self-employed,0.316,1736.75
1766,43939.0,39,0.417,3,south,employed,-1.232,660.7
1767,52451.0,28,0.488,3,west,employed,-0.644,1339.61
1768,8720.0,54,0.896,4,north,unemployed,1.11,10095.69
1769,8665.0,68,0.183,0,south,employed,-0.383,268.51
1770,,45,0.598,0,east,,-0.496,877.31
1771,26091.0,26,0.425,1,east,self-employed,0.558,1180.47
1772,56305.0,34,0.736,4,west,employed,-0.236,1665.0
1773,39082.0,68,0.092,3,west,employed,-0.469,971.81
1774,126167.0,55,0.265,1,south,employed,-0.684,320.86
1775,18196.0,65,0.023,2,south,employed,-0.84,421.74
1776,,42,0.106,0,north,employed,2.012,421.07
1777,27378.0,25,0.147,2,west,self-employed,0.158,1283.41
1778,,59,0.08,2,west,unemployed,0.519,1025.84
1779,27027.0,69,0.562,3,west,employed,-1.339,2258.04
1780,47242.0,22,1.084,1,west,,-1.367,1271.42
1781,,43,0.442,2,north,employed,0.738,178.63
1782,36991.0,48,0.216,3,east,employed,-1.303,734.52
1783,26445.0,42,0.3,0,east,employed,1.118,114.49
1784,60365.0,67,0.062,1,east,unemployed,0.965,451.77
1785,26366.0,41,0.409,0,east,employed,1.118,319.5
1786,15188.0,37,0.253,1,north,employed,-0.228,1897.79
1787,46026.0,49,0.187,0,south,employed,0.402,122.22
1788,90124.0,67,0.288,1,north,employed,0.255,31.82
1789,31926.0,37,0.525,2,east,unemployed,-1.323,2185.24
1790,39189.0,55,0.146,0,south,employed,-0.294,381.13
1791,51308.0,53,0.61,0,north,employed,-1.48,571.6
1792,175596.0,50,0.792,0,east,employed,0.191,573.31
1793,98454.0,61,0.575,1,south,employed,-0.438,750.95
1794,37073.0,29,0.536,0,south,unemployed,-0.632,895.06
1795,45385.0,55,0.559,0,south,retired,-1.512,1062.7
1796,25918.0,26,0.219,3,east,employed,1.227,2061.21
1797,,21,0.301,2,south,,0.268,1383.37
1798,58163.0,63,0.968,3,north,employed,-2.841,1084.0
1799,55822.0,52,0.313,2,north,employed,0.778,1454.4
1800,8198.0,51,0.952,0,west,employed,-1.81,2088.95
1801,,64,0.272,0,south,employed,-0.256,-105.09
1802,48279.0,48,0.104,0,south,employed,0.671,331.58
1803,,43,0.706,0,north,employed,0.714,413.72
1804,65541.0,22,0.115,2,south,employed,-0.464,626.51
1805,31983.0,32,0.484,2,south,employed,-0.817,937.76
1806,,46,0.239,1,north,self-employed,-0.741,170.33
1807,32310.0,54,0.834,1,north,,-0.05,2069.07
1808,21458.0,61,0.871,1,south,self-employed,-0.589,1807.57
1809,39372.0,46,0.147,2,west,unemployed,1.63,907.69
1810,48170.0,27,0.35,0,west,employed,1.135,726.68
1811,21845.0,51,0.268,2,west,unemployed,0.095,1837.33
1812,67698.0,45,0.094,0,east,employed,0.353,527.86
1813,18315.0,21,0.132,1,west,unemployed,1.573,3482.07
1814,45540.0,28,0.396,1,west,employed,0.373,1484.31
1815,45099.0,63,0.404,2,north,employed,-0.141,453.11
1816,30229.0,52,0.144,3,east,employed,-0.049,493.95
1817,25346.0,54,0.663,1,south,self-employed,-0.554,1952.21
1818,57757.0,67,0.594,2,north,employed,2.71,279.73
1819,123875.0,53,0.453,0,west,self-employed,0.059,336.41
1820,,40,0.337,2,south,employed,0.451,1440.18
1821,59990.0,34,0.519,2,north,employed,-0.88,1002.98
1822,,27,0.485,1,east,self-employed,-1.064,1652.6
1823,49438.0,32,0.305,2,west,employed,2.227,531.31
1824,28236.0,26,0.276,1,south,self-employed,-0.401,580.93
1825,21336.0,67,0.53,2,north,retired,-1.16,2155.29
1826,31266.0,35,0.862,4,north,employed,-1.575,4262.21
1827,58336.0,53,0.47,1,west,employed,-0.995,1004.94
1828,58094.0,44,0.179,3,south,employed,0.214,842.28
1829,50377.0,49,0.438,2,south,unemployed,-0.836,1703.14
1830,31577.0,42,0.735,1,east,employed,1.941,1243.03
1831,22369.0,53,0.755,3,east,employed,0.857,4083.66
1832,28159.0,46,0.381,0,south,employed,-0.776,577.91
1833,48649.0,29,0.184,2,south,employed,-0.145,233.74
1834,31638.0,45,0.806,2,south,employed,0.755,1140.68
1835,58783.0,24,0.161,2,north,employed,0.295,691.5
1836,28796.0,41,0.709,0,south,employed,-0.65,1423.99
1837,16054.0,23,0.541,1,north,employed,1.106,676.32
1838,35518.0,68,0.46,1,south,self-employed,0.393,983.09
1839,43077.0,60,0.292,1,south,,0.724,674.39
1840,,29,0.802,0,north,employed,0.127,285.24
1841,19971.0,67,0.318,1,north,self-employed,1.81,959.57
1842,64469.0,27,0.051,0,north,employed,-0.211,-362.73
1843,43729.0,47,0.189,1,south,employed,1.079,545.53
1844,79505.0,59,0.225,3,west,employed,-0.609,619.85
1845,,37,0.367,1,west,employed,-0.605,963.6
1846,20537.0,34,0.413,0,south,retired,1.386,528.8
1847,27866.0,66,0.243,1,north,employed,1.27,558.9
1848,32687.0,68,0.43,1,south,employed,-0.451,91.78
1849,30867.0,45,0.567,3,south,employed,0.573,1128.11
1850,,64,0.486,1,south,employed,0.313,-46.12
1851,33378.0,38,0.149,1,east,employed,0.286,128.27
1852,,31,0.176,1,west,unemployed,1.465,999.0
1853,9162.0,49,0.132,2,east,employed,0.532,788.68
1854,64933.0,60,0.341,0,west,employed,0.674,165.36
1855,35087.0,33,0.394,3,south,employed,-0.577,113.94
1856,48609.0,49,0.364,1,east,employed,-0.458,160.93
1857,28260.0,35,0.688,2,south,unemployed,-1.456,4205.62
1858,,30,0.43,1,south,employed,1.884,426.83
1859,34271.0,61,0.317,2,west,employed,0.473,606.56
1860,51503.0,28,0.9,1,north,employed,1.165,947.86
1861,24021.0,49,0.338,0,south,self-employed,1.824,-39.35
1862,44381.0,62,0.226,1,north,self-employed,0.547,752.2
1863,74104.0,45,0.519,0,north,employed,0.598,1275.22
1864,36224.0,45,0.546,2,south,retired,-0.407,1194.48
1865,32102.0,29,0.168,1,east,,0.31,783.64
1866,41024.0,55,0.457,0,east,employed,0.273,-65.11
1867,25140.0,54,0.319,2,east,employed,-2.237,271.47
1868,18657.0,22,0.376,2,north,employed,-0.038,1659.46
1869,19991.0,66,0.629,0,east,,-0.386,1402.33
1870,68890.0,24,0.137,1,islands,employed,-1.047,485.16
1871,16324.0,28,0.757,1,east,retired,0.834,2674.11
1872,78655.0,24,0.039,2,islands,unemployed,1.627,417.38
1873,33091.0,42,0.525,1,south,employed,1.463,1749.37
1874,32402.0,33,0.332,1,west,employed,0.41,-235.65
1875,37065.0,36,1.046,3,east,employed,-0.677,2340.74
1876,41001.0,45,0.129,0,north,,-0.275,488.53
1877,57978.0,58,0.343,2,south,employed,2.819,768.51
1878,23451.0,43,0.377,2,south,self-employed,-1.082,1511.6
1879,34531.0,44,0.169,4,north,employed,-1.766,326.81
1880,,40,0.493,1,west,unemployed,-1.414,2088.96
1881,56281.0,51,0.313,0,north,self-employed,3.363,629.11
1882,116332.0,58,0.133,0,east,employed,-0.61,137.87
1883,49265.0,68,0.29,0,east,self-employed,-0.55,62.49
1884,20272.0,36,0.135,2,north,unemployed,0.467,1687.8
1885,34443.0,53,0.213,1,south,employed,-0.49,-37.07
1886,35499.0,36,0.242,1,south,self-employed,0.994,1449.48
1887,27094.0,24,0.543,2,west,employed,-0.321,1449.36
1888,26450.0,42,0.334,1,south,self-employed,-0.007,582.39
1889,,29,0.476,4,east,self-employed,-0.15,2047.96
1890,41592.0,65,0.547,1,south,self-employed,-0.945,843.72
1891,33920.0,61,0.719,0,north,employed,0.544,385.91
1892,33879.0,61,0.301,1,south,employed,-0.494,742.99
1893,30906.0,67,0.524,2,west,employed,1.385,1568.49
1894,38543.0,66,0.017,1,east,,-1.005,1230.74
1895,,58,0.388,1,east,employed,0.75,1357.06
1896,68671.0,54,0.877,0,north,employed,-0.519,1125.39
1897,51908.0,50,0.16,1,north,employed,1.746,565.73
1898,42004.0,63,0.799,1,north,self-employed,-0.085,2194.37
1899,41820.0,69,0.456,2,north,self-employed,0.68,787.18
1900,34465.0,21,0.554,1,west,retired,-0.492,860.35
1901,30153.0,58,0.613,0,east,employed,-1.326,247.4
1902,14956.0,41,0.674,2,north,employed,0.366,1191.49
1903,35624.0,24,0.401,0,north,unemployed,1.458,715.23
1904,59126.0,62,0.208,4,south,employed,0.36,752.55
1905,81043.0,45,0.575,1,east,employed,-0.404,90.95
1906,23588.0,33,0.184,2,north,self-employed,-1.286,795.66
1907,17987.0,65,0.657,3,east,employed,-1.167,1296.3
1908,27524.0,25,0.282,0,north,self-employed,-1.013,1304.5
1909,53749.0,65,0.232,1,north,employed,-0.559,588.83
1910,38433.0,60,0.223,0,east,employed,-1.811,805.34
1911,34937.0,26,0.302,2,west,self-employed,-1.551,1938.53
1912,50989.0,40,0.386,0,south,employed,-0.59,-323.51
1913,33672.0,24,0.178,1,south,employed,0.654,846.77
1914,31681.0,24,0.216,2,west,unemployed,0.952,1499.1
1915,19538.0,63,0.537,1,west,retired,2.129,1101.17
1916,41402.0,28,0.041,0,north,employed,0.955,851.0
1917,,50,0.249,0,east,employed,-1.239,1374.02
1918,76252.0,28,0.337,0,west,employed,0.945,36.41
1919,42127.0,27,0.564,1,west,self-employed,-0.729,2832.38
1920,63143.0,41,0.731,2,south,employed,1.096,1313.76
1921,22887.0,51,0.403,1,south,self-employed,1.554,1192.7
1922,,55,0.143,0,south,employed,0.74,697.48
1923,35173.0,22,0.112,1,south,employed,0.503,349.84
1924,31378.0,31,0.323,0,west,employed,0.25,609.08
1925,32564.0,41,0.23,2,east,employed,-0.144,543.92
1926,46562.0,32,0.016,1,north,,0.019,966.07
1927,32775.0,22,0.235,1,south,employed,-0.469,-6.31
1928,59950.0,34,0.312,2,north,employed,0.028,434.19
1929,36694.0,41,0.193,0,north,self-employed,-1.031,477.79
1930,26067.0,53,0.418,0,west,employed,0.054,540.5
1931,35823.0,26,0.319,1,west,employed,1.202,543.34
1932,29321.0,22,0.375,3,north,unemployed,-0.107,2497.23
1933,137451.0,23,0.345,1,west,employed,0.517,-39.41
1934,37832.0,68,0.376,0,east,self-employed,0.072,573.68
1935,,38,0.167,0,east,employed,-0.299,79.59
1936,34420.0,25,0.902,1,south,self-employed,0.56,929.5
1937,72346.0,37,0.418,3,east,employed,1.594,535.66
1938,28603.0,43,0.275,4,south,employed,0.782,2504.37
1939,49918.0,42,0.646,1,south,self-employed,-0.082,1427.42
1940,10073.0,25,0.562,0,south,self-employed,-0.972,1492.92
1941,97842.0,47,0.667,0,west,employed,-0.49,799.41
1942,39701.0,61,0.848,1,north,employed,0.066,790.51
1943,44991.0,35,0.619,2,south,employed,0.518,865.85
1944,71550.0,54,0.825,2,west,employed,-0.207,1033.7
1945,32789.0,52,0.587,0,north,retired,-0.047,562.22
1946,44925.0,61,0.444,0,north,self-employed,-0.669,808.75
1947,,39,0.321,1,south,employed,-0.314,524.04
1948,49252.0,57,0.717,0,north,employed,-0.15,290.24
1949,18954.0,48,0.564,1,south,employed,-1.61,1858.65
1950,54644.0,52,0.358,2,east,employed,1.326,-283.41
1951,51222.0,65,0.27,2,south,employed,0.344,368.84
1952,29942.0,67,0.268,0,south,self-employed,-0.087,101.96
1953,40993.0,25,0.253,0,west,employed,-0.402,292.73
1954,33709.0,66,0.313,1,north,unemployed,0.502,555.63
1955,29659.0,55,0.404,4,north,employed,0.971,1424.01
1956,41104.0,30,0.243,1,east,employed,-0.473,169.79
1957,20525.0,62,0.211,0,north,employed,-0.914,252.23
1958,38092.0,22,0.853,1,east,employed,-0.506,1258.0
1959,61761.0,48,0.12,2,west,self-employed,0.593,0.34
1960,9765.0,33,0.194,4,south,retired,0.037,3916.78
1961,17087.0,36,0.371,0,north,retired,0.063,1130.15
1962,15983.0,64,0.301,0,north,employed,-1.024,244.79
1963,45981.0,58,1.164,2,south,employed,-0.57,1582.64
1964,32931.0,35,0.312,0,north,unemployed,-0.303,648.41
1965,22580.0,24,0.196,1,west,employed,-0.024,-12.6
1966,123063.0,23,0.244,2,south,employed,-0.629,859.23
1967,,59,0.656,1,east,employed,1.344,347.92
1968,18574.0,67,0.205,1,west,employed,0.31,257.71
1969,71783.0,21,0.025,3,north,self-employed,-1.549,1003.95
1970,30414.0,41,0.107,1,south,self-employed,0.876,579.98
1971,24496.0,44,0.166,3,north,employed,-0.112,686.8
1972,,26,0.124,0,south,employed,-0.06,291.03
1973,22541.0,25,0.248,1,south,self-employed,-0.218,1939.71
1974,69784.0,42,0.572,1,west,employed,1.288,809.93
1975,46562.0,37,0.225,1,west,employed,-0.018,491.8
1976,26165.0,67,0.349,0,east,self-employed,-0.245,832.44
1977,36514.0,57,0.554,0,islands,employed,-1.033,478.92
1978,23686.0,33,0.425,1,west,employed,-2.406,517.7
1979,28002.0,60,0.213,0,north,employed,0.939,355.82
1980,51200.0,28,0.921,0,south,employed,-0.283,898.33
1981,62916.0,48,0.257,1,east,employed,0.412,144.76
1982,,32,0.739,0,north,unemployed,-0.744,954.18
1983,72365.0,22,0.33,3,south,employed,0.973,908.31
1984,36839.0,24,0.169,1,north,employed,-1.006,456.56
1985,,57,0.135,1,east,employed,-1.865,735.21
1986,16573.0,61,0.687,1,south,self-employed,0.912,2610.07
1987,37622.0,23,0.129,0,south,employed,1.247,57.03
1988,37516.0,65,0.39,1,north,self-employed,-0.081,949.19
1989,67981.0,36,0.633,2,east,self-employed,-0.767,1020.04
1990,56210.0,34,0.033,1,south,self-employed,1.79,651.35
1991,44242.0,26,0.378,1,south,self-employed,0.985,448.87
1992,34119.0,53,0.363,1,east,employed,0.686,895.28
1993,56899.0,65,0.231,0,north,employed,-0.712,255.76
1994,36988.0,39,0.281,2,south,retired,0.178,394.35
1995,24452.0,47,0.102,1,south,employed,0.993,84.0
1996,110003.0,68,0.217,2,east,employed,0.369,761.59
1997,,36,0.586,1,west,retired,0.999,274.11
1998,38733.0,34,0.248,1,south,employed,0.484,1334.63
1999,19642.0,50,0.526,2,east,employed,-0.535,594.46
2000,,67,0.206,0,east,employed,0.423,818.7
2001,68523.0,49,0.4,0,south,employed,-0.353,-152.53
2002,36514.0,22,0.41,0,north,employed,-1.109,849.37
2003,41655.0,22,0.761,0,south,employed,-1.795,458.32
2004,65453.0,31,0.479,2,east,employed,-1.106,1208.05
2005,25755.0,56,1.012,2,east,employed,1.432,1139.3
2006,17597.0,39,0.324,1,south,employed,-0.015,1694.53
2007,31858.0,42,0.566,0,south,,0.83,243.64
2008,,58,0.348,0,north,employed,-0.696,-115.06
2009,48723.0,60,0.458,1,north,retired,0.202,714.73
2010,42313.0,29,0.497,4,south,self-employed,0.16,1652.51
2011,54932.0,35,0.271,0,east,retired,1.757,585.03
2012,29036.0,62,0.069,2,north,self-employed,-0.453,132.06
2013,83795.0,69,0.548,2,south,employed,0.437,655.84
2014,20815.0,67,0.401,2,north,self-employed,0.997,1313.53
2015,45925.0,51,0.286,0,west,unemployed,-0.987,959.47
2016,45101.0,69,0.323,1,north,employed,0.211,710.96
2017,28766.0,56,0.479,2,north,unemployed,-0.457,2538.56
2018,47535.0,55,0.231,0,north,employed,-0.536,602.1
2019,61223.0,34,0.348,3,north,employed,-1.201,872.49
2020,30322.0,64,0.067,1,east,employed,0.563,337.56
2021,39805.0,33,0.294,2,south,employed,0.078,198.01
2022,22872.0,62,0.215,1,south,employed,2.671,277.9
2023,19445.0,32,0.216,0,south,unemployed,-0.71,989.77
2024,16394.0,49,0.561,1,north,employed,2.156,1585.06
2025,51096.0,59,0.512,0,north,employed,-0.065,-79.96
2026,24563.0,38,0.45,0,east,employed,-0.057,425.06
2027,37213.0,29,0.169,2,east,employed,-0.656,405.02
2028,25412.0,49,0.632,1,east,,0.427,1821.49
2029,40539.0,50,0.38,1,east,employed,-0.42,1044.55
2030,80194.0,34,0.633,1,north,employed,-0.348,372.73
2031,97675.0,43,0.03,0,west,employed,1.625,610.8
2032,25863.0,31,0.515,0,east,unemployed,0.239,1663.58
2033,46297.0,38,1.123,0,north,employed,-1.024,1590.64
2034,,51,0.072,0,east,employed,-1.397,526.55
2035,27826.0,37,0.515,0,north,employed,-0.681,1246.08
2036,81858.0,60,0.383,0,east,self-employed,0.524,377.27
2037,61536.0,37,0.174,1,east,,1.223,733.25
2038,51373.0,21,0.105,2,west,self-employed,1.237,348.5
2039,38538.0,48,0.582,1,north,self-employed,0.084,918.89
2040,15316.0,49,0.587,3,islands,employed,1.422,1693.85
2041,44592.0,69,0.619,1,east,unemployed,1.542,2294.94
2042,65256.0,44,0.295,4,east,retired,1.843,671.17
2043,47412.0,42,0.305,3,north,unemployed,0.677,1752.09
2044,44637.0,53,0.437,3,west,self-employed,-1.446,1397.77
2045,23614.0,69,0.137,2,south,self-employed,-0.59,505.56
2046,29050.0,36,0.558,1,east,unemployed,-0.021,2311.56
2047,24856.0,64,0.028,1,north,,-0.107,1274.22
2048,56627.0,62,0.81,5,east,unemployed,1.433,10154.17
2049,15822.0,22,0.082,0,west,employed,-0.189,1064.49
2050,28329.0,54,0.371,2,south,employed,-0.673,939.58
2051,58932.0,56,0.797,0,south,,0.166,1477.31
2052,,51,0.22,0,east,unemployed,-1.486,280.47
2053,38614.0,22,0.574,2,north,self-employed,0.158,2826.2
2054,26048.0,30,0.168,2,north,employed,0.083,1342.78
2055,51109.0,41,0.224,2,east,employed,-0.427,1507.97
2056,68665.0,59,0.467,1,south,self-employed,-0.193,454.05
2057,24667.0,27,0.704,2,east,retired,0.541,3229.08
2058,25454.0,24,0.274,2,east,employed,0.258,975.62
2059,35776.0,55,0.452,0,west,self-employed,0.095,426.48
2060,,58,0.781,0,north,employed,1.528,1423.51
2061,,64,0.277,0,north,employed,-0.667,-12.75
2062,41685.0,36,0.741,1,east,employed,0.095,1131.96
2063,39701.0,47,0.209,2,south,,0.813,258.34
2064,68219.0,32,0.567,0,north,employed,0.638,670.48
2065,35767.0,43,0.362,2,west,employed,0.063,614.15
2066,42889.0,25,0.69,0,south,employed,-0.866,468.73
2067,94328.0,66,0.236,1,east,employed,0.068,182.71
2068,32091.0,42,0.581,2,north,retired,2.071,1844.4
2069,37313.0,36,0.484,2,north,employed,0.385,1017.39
2070,57482.0,69,0.918,0,west,employed,0.718,299.34
2071,41103.0,44,0.682,1,south,employed,1.286,482.74
2072,,58,0.336,0,south,employed,0.655,739.53
2073,,43,0.448,1,south,employed,-0.656,909.19
2074,36276.0,43,0.261,0,south,employed,-1.419,858.56
2075,23079.0,30,0.236,0,west,employed,-0.062,894.27
2076,34320.0,46,0.485,1,west,employed,0.7,-188.94
2077,49216.0,37,0.244,1,west,employed,-0.138,1536.92
2078,31869.0,35,0.179,0,south,employed,1.982,7.05
2079,32433.0,25,0.184,2,south,unemployed,0.261,2984.89
2080,39070.0,48,0.701,0,west,self-employed,-0.985,1589.9
2081,21915.0,47,0.577,2,south,unemployed,1.076,1566.05
2082,35409.0,36,0.241,2,south,unemployed,-1.11,2092.39
2083,30838.0,58,0.294,0,north,employed,0.208,1080.27
2084,15147.0,46,0.507,2,south,unemployed,0.667,3604.48
2085,34541.0,67,0.272,3,south,employed,-0.126,705.8
2086,52599.0,27,0.729,1,west,employed,-0.769,377.96
2087,53315.0,48,0.203,3,south,employed,0.61,720.86
2088,19072.0,67,0.911,1,north,employed,1.526,1727.9
2089,36617.0,54,0.448,0,west,self-employed,0.865,-47.38
2090,59320.0,64,0.426,1,south,employed,-1.882,505.54
2091,81071.0,55,0.831,4,south,employed,1.619,1196.07
2092,30413.0,52,0.161,1,south,self-employed,-0.308,314.93
2093,75699.0,38,0.482,5,north,employed,-0.172,1131.65
2094,90704.0,68,0.396,1,west,employed,0.694,992.45
2095,,33,0.36,0,south,employed,-0.469,318.45
2096,83553.0,41,0.595,1,east,self-employed,1.24,354.16
2097,31876.0,22,0.287,0,east,employed,0.235,873.14
2098,36600.0,34,0.025,2,west,employed,0.641,918.55
2099,54745.0,49,0.591,0,north,employed,1.057,357.77
2100,20086.0,57,0.444,1,south,self-employed,-1.049,1965.22
2101,29162.0,47,0.952,1,west,employed,-1.621,1336.95
2102,47444.0,54,1.01,0,west,employed,0.873,1146.45
2103,,32,0.523,1,south,self-employed,-1.552,622.27
2104,51770.0,34,0.339,2,south,employed,0.349,1154.19
2105,43589.0,57,0.859,2,north,self-employed,0.907,3039.53
2106,21499.0,32,0.63,0,north,self-employed,-0.863,2857.8
2107,16117.0,52,0.291,1,north,retired,1.081,943.95
2108,34571.0,41,1.305,1,south,employed,-0.908,1367.84
2109,46052.0,30,0.143,0,north,employed,-0.013,-136.3
2110,48076.0,49,0.521,0,south,unemployed,-0.768,1521.5
2111,49368.0,30,0.941,1,south,employed,-0.141,916.03
2112,99456.0,62,0.371,3,south,retired,-1.939,1132.26
2113,51115.0,27,0.673,2,south,self-employed,1.288,1965.37
2114,21989.0,32,0.567,1,south,employed,-0.279,1386.99
2115,34370.0,24,0.454,1,east,retired,-0.653,907.08
2116,25942.0,26,0.334,2,south,self-employed,-0.461,1046.39
2117,59973.0,24,0.281,0,west,employed,0.298,297.57
2118,17946.0,65,0.591,2,islands,employed,0.046,1271.91
2119,19333.0,38,1.268,1,east,,-1.01,3946.27
2120,98839.0,50,0.412,0,south,self-employed,1.458,649.85
2121,78598.0,65,0.232,2,south,retired,1.584,651.19
2122,16479.0,25,0.501,1,south,employed,-0.115,358.99
2123,42571.0,60,0.471,4,south,,-1.179,1899.85
2124,36784.0,26,0.307,1,north,employed,-0.994,400.24
2125,107089.0,24,0.496,1,north,employed,-0.173,779.63
2126,32874.0,53,0.458,1,south,employed,-0.114,-143.04
2127,,27,0.126,1,north,employed,1.176,629.96
2128,36440.0,43,0.219,0,north,employed,0.8,536.43
2129,30419.0,39,0.793,3,east,employed,0.001,1331.04
2130,84416.0,23,0.345,1,east,employed,-0.5,1095.98
2131,46181.0,24,0.966,0,north,self-employed,0.849,1450.67
2132,26015.0,56,0.447,2,east,employed,1.792,368.83
2133,24184.0,41,0.082,0,west,employed,1.661,542.26
2134,31672.0,66,0.276,0,north,self-employed,1.216,228.62
2135,34516.0,35,0.436,0,south,employed,-0.286,1176.79
2136,63234.0,64,0.192,3,north,employed,1.212,214.71
2137,22199.0,52,0.355,0,east,self-employed,1.071,299.78
2138,20354.0,25,0.664,1,islands,employed,-0.315,1224.34
2139,28157.0,63,0.476,0,south,employed,1.96,963.72
2140,31965.0,34,0.478,1,south,employed,-0.959,826.96
2141,30688.0,45,0.364,0,south,retired,-0.485,766.43
2142,40231.0,67,0.063,2,east,self-employed,0.191,604.97
2143,73385.0,24,0.366,0,east,employed,-0.133,432.01
2144,51346.0,54,0.724,0,south,,0.538,1724.59
2145,59088.0,62,0.432,1,south,employed,-0.209,489.57
2146,18506.0,34,0.816,1,south,employed,-2.205,2576.52
2147,55842.0,38,0.072,0,east,employed,1.047,-29.45
2148,48482.0,45,0.151,1,east,self-employed,0.307,1273.0
2149,36500.0,52,0.426,1,west,retired,-0.953,833.06
2150,27387.0,23,0.164,1,south,employed,-2.129,930.69
2151,75758.0,58,0.598,2,south,self-employed,-0.718,1081.04
2152,15092.0,38,0.615,2,west,employed,0.048,2954.45
2153,52170.0,49,0.167,2,west,employed,0.493,151.48
2154,27550.0,28,0.647,1,west,,0.466,970.81
2155,50533.0,64,0.207,1,south,self-employed,1.16,347.14
2156,27323.0,69,0.198,1,south,employed,0.336,424.68
2157,53618.0,67,0.021,0,south,employed,0.787,338.07
2158,66475.0,30,0.321,0,south,unemployed,-1.679,1590.19
2159,36295.0,33,0.01,0,west,employed,1.523,355.32
2160,59068.0,42,0.566,0,west,self-employed,-0.109,-270.29
2161,39746.0,50,0.597,1,south,self-employed,0.551,1295.37
2162,15632.0,64,0.128,1,east,employed,0.04,1136.06
2163,23975.0,23,0.48,0,north,self-employed,-0.654,1683.52
2164,20508.0,32,0.057,0,south,employed,0.384,774.66
2165,45808.0,48,0.889,0,north,employed,-0.423,429.79
2166,54134.0,42,0.082,2,north,,-0.98,323.31
2167,49456.0,39,0.206,0,south,self-employed,0.406,1046.78
2168,18067.0,30,0.319,2,islands,employed,-1.368,1036.99
2169,42699.0,22,0.344,1,west,self-employed,0.493,939.13
2170,35624.0,21,0.334,0,north,self-employed,-2.035,1351.22
2171,20089.0,55,0.723,0,west,self-employed,-0.039,543.88
2172,41504.0,66,0.658,3,east,employed,-0.063,1609.08
2173,24896.0,36,0.7,1,south,employed,-0.959,1044.87
2174,31961.0,46,0.709,1,north,unemployed,0.291,2916.58
2175,46514.0,32,0.435,1,east,employed,0.08,601.94
2176,9975.0,49,0.334,0,north,self-employed,-1.04,409.28
2177,22098.0,39,1.025,0,north,self-employed,-2.05,1208.3
2178,22103.0,41,0.567,0,south,employed,-0.37,3949.81
2179,126681.0,35,0.566,0,south,self-employed,1.443,223.24
2180,44090.0,45,0.469,1,north,employed,0.222,598.22
2181,,59,0.965,1,north,employed,0.867,1038.3
2182,62493.0,36,0.315,1,north,employed,-0.928,666.05
2183,,54,0.239,1,north,self-employed,-0.462,-168.13
2184,13960.0,37,0.569,0,south,retired,0.86,2583.82
2185,40158.0,55,0.727,2,north,employed,-0.6,632.15
2186,38895.0,49,0.602,0,north,employed,-0.545,759.96
2187,48455.0,33,0.816,0,east,employed,0.875,256.23
2188,24912.0,29,0.323,0,east,self-employed,0.171,1468.58
2189,28549.0,35,0.328,6,west,self-employed,0.22,3339.2
2190,17110.0,63,0.545,2,east,self-employed,0.101,2401.18
2191,21926.0,55,0.34,1,south,self-employed,-1.718,989.26
2192,25760.0,53,0.392,1,west,,-0.536,2677.93
2193,68425.0,31,0.254,0,south,employed,-0.156,976.21
2194,68116.0,69,1.014,1,north,self-employed,0.421,1767.58
2195,42237.0,34,0.429,2,east,retired,1.14,971.83
2196,21017.0,63,0.604,1,north,employed,-0.106,1426.58
2197,26026.0,54,0.452,1,south,employed,0.313,725.17
2198,49520.0,69,0.432,0,south,unemployed,0.444,611.58
2199,49975.0,29,0.339,2,south,employed,-1.021,363.6
2200,63156.0,47,0.338,2,west,employed,0.37,399.87
2201,53515.0,57,0.736,2,west,employed,-2.26,273.96
2202,55646.0,21,0.786,1,south,employed,0.913,984.73
2203,38271.0,31,0.687,0,east,employed,-0.252,807.5
2204,33452.0,58,0.675,1,north,employed,0.291,1115.05
2205,36071.0,41,0.159,0,east,employed,-0.191,34.85
2206,20900.0,51,0.246,0,south,self-employed,0.271,571.03
2207,49679.0,31,0.033,2,north,employed,2.788,-204.44
2208,40122.0,45,0.288,3,north,retired,0.734,1000.89
2209,31149.0,40,1.05,1,north,self-employed,2.537,2461.2
2210,43484.0,29,0.233,1,north,unemployed,0.302,1024.86
2211,53168.0,69,0.354,1,west,self-employed,0.708,1155.7
2212,,69,0.213,1,north,employed,0.445,655.87
2213,98005.0,48,0.382,1,west,employed,0.685,89.58
2214,21315.0,53,0.235,3,south,self-employed,-0.609,540.28
2215,97091.0,45,0.107,0,north,self-employed,1.114,636.04
2216,39476.0,61,0.479,0,north,self-employed,0.963,18.12
2217,73440.0,46,0.867,1,east,employed,-0.027,1118.19
2218,51651.0,37,0.321,3,south,self-employed,-0.592,1220.48
2219,17231.0,37,0.146,1,north,unemployed,0.158,2848.29
2220,57191.0,61,0.485,0,west,employed,-0.499,622.75
2221,23577.0,68,0.615,2,west,self-employed,-0.681,1184.79
2222,34562.0,49,0.091,2,south,employed,1.083,335.92
2223,16135.0,69,0.403,2,east,employed,-0.497,1279.96
2224,35130.0,26,0.212,1,north,employed,0.731,243.62
2225,39393.0,27,0.465,1,north,employed,-0.996,1213.1
2226,29741.0,59,0.32,0,north,employed,-0.725,11.95
2227,37510.0,26,0.316,0,west,employed,-0.861,410.38
2228,60497.0,67,0.774,3,east,employed,-0.314,1769.23
2229,19461.0,36,0.339,1,south,retired,-0.456,701.93
2230,26763.0,56,0.409,2,east,self-employed,-1.022,1079.41
2231,,42,0.833,1,west,employed,-1.249,484.62
2232,28379.0,53,0.593,1,west,unemployed,2.383,1356.9
2233,24683.0,54,0.356,1,north,employed,-0.909,673.0
2234,50662.0,23,0.228,0,south,employed,-0.836,790.69
2235,18410.0,47,0.217,0,north,self-employed,0.648,636.16
2236,19156.0,59,0.385,0,west,unemployed,0.498,1631.39
2237,26939.0,65,0.342,2,north,employed,0.298,631.5
2238,43705.0,56,0.204,0,north,employed,0.459,1162.03
2239,26471.0,22,0.665,3,west,employed,-1.523,2694.8
2240,,44,0.239,1,south,employed,0.513,1110.9
2241,48111.0,32,0.699,2,west,employed,0.818,1324.93
2242,86483.0,51,0.24,1,north,employed,1.924,688.12
2243,34479.0,55,0.585,2,north,employed,0.614,1332.71
2244,24430.0,66,0.104,4,south,self-employed,0.034,1242.0
2245,81890.0,69,0.364,1,west,employed,0.427,865.19
2246,61525.0,52,0.389,0,north,self-employed,-0.948,233.73
2247,23530.0,50,0.257,1,south,employed,0.502,599.5
2248,61370.0,48,0.784,1,west,employed,-0.968,2072.52
2249,76906.0,49,0.398,0,south,self-employed,0.268,401.35
2250,13789.0,54,0.741,1,north,retired,0.268,2506.04
2251,42957.0,61,0.476,1,north,employed,-1.693,487.27
2252,34713.0,63,0.787,2,west,employed,1.389,666.76
2253,32146.0,57,0.563,4,north,employed,-2.079,1374.53
2254,45261.0,59,0.416,2,south,retired,0.315,1070.8
2255,54332.0,69,0.466,4,east,,-0.794,819.03
2256,28734.0,32,0.364,0,west,employed,-1.354,910.04
2257,20625.0,21,0.38,0,north,self-employed,1.363,1409.48
2258,28539.0,36,0.465,1,south,employed,-0.397,214.8
2259,38452.0,33,0.107,1,north,unemployed,0.197,1294.46
2260,108952.0,50,0.266,1,north,self-employed,1.594,733.66
2261,,38,0.706,2,east,self-employed,0.9,2132.1
2262,,22,0.866,1,west,employed,-0.92,1578.41
2263,42341.0,60,0.296,1,south,unemployed,0.904,2778.36
2264,22998.0,55,0.394,0,east,self-employed,-0.132,2158.88
2265,17518.0,67,0.347,1,south,self-employed,-0.271,1330.06
2266,44012.0,34,0.331,1,north,employed,-1.215,698.15
2267,16715.0,36,0.316,0,south,employed,-0.251,93.4
2268,14305.0,54,0.247,3,east,employed,0.586,818.19
2269,41303.0,42,0.372,1,west,self-employed,-1.011,815.39
2270,12745.0,62,0.462,1,south,employed,0.14,659.32
2271,29526.0,39,0.421,1,north,employed,0.739,554.83
2272,,32,0.476,0,north,employed,1.023,847.48
2273,10294.0,62,0.615,1,north,employed,0.247,1550.56
2274,24994.0,30,0.628,2,north,,0.847,2304.05
2275,46707.0,33,0.23,0,east,employed,1.437,22.3
2276,58928.0,21,0.187,1,south,employed,2.14,93.18
2277,30842.0,32,0.303,1,north,employed,0.499,886.97
2278,33094.0,44,0.276,1,south,employed,-0.706,282.53
2279,18692.0,58,0.755,2,west,self-employed,-0.601,2656.1
2280,78729.0,46,0.335,1,west,retired,1.391,1332.62
2281,32669.0,24,0.633,1,north,employed,-1.013,60.65
2282,30901.0,67,0.489,1,south,employed,0.265,1460.32
2283,23567.0,40,0.974,3,south,employed,0.881,3125.24
2284,16365.0,69,0.385,2,north,self-employed,1.311,732.34
2285,89586.0,28,0.136,2,south,retired,1.473,1233.98
2286,13802.0,53,0.341,2,north,employed,0.012,1431.14
2287,52745.0,56,0.825,0,north,employed,1.084,789.72
2288,62426.0,65,0.409,1,south,retired,-1.132,202.19
2289,21489.0,63,0.245,1,south,self-employed,0.339,1102.43
2290,22551.0,55,1.008,1,west,employed,-0.633,1594.46
2291,15881.0,53,0.251,2,north,unemployed,-0.116,2837.58
2292,45045.0,66,0.449,1,islands,employed,1.008,857.64
2293,30891.0,27,0.246,1,west,self-employed,0.817,700.22
2294,97546.0,41,0.616,2,south,employed,1.486,792.3
2295,22943.0,27,0.054,1,north,self-employed,-0.424,512.05
2296,31649.0,57,0.115,1,east,employed,0.446,-34.74
2297,32238.0,38,0.23,0,west,self-employed,-1.101,846.16
2298,25997.0,52,0.698,1,north,employed,0.24,1159.51
2299,33204.0,27,0.337,2,east,employed,-2.146,606.86
2300,32178.0,43,0.19,1,north,employed,0.494,-181.2
2301,46128.0,61,0.384,2,north,self-employed,-0.366,669.51
2302,44534.0,58,0.174,1,east,employed,-0.599,707.45
2303,19588.0,29,0.342,0,north,employed,0.924,1645.58
2304,32065.0,54,0.563,3,north,retired,0.46,1388.5
2305,14022.0,69,0.534,0,south,employed,0.723,1671.57
2306,31058.0,50,0.051,0,south,self-employed,-0.53,917.13
2307,42017.0,26,0.425,1,north,employed,-0.238,940.63
2308,30298.0,43,0.416,2,south,retired,1.24,1299.65
2309,31611.0,22,0.905,2,south,retired,0.292,3364.62
2310,37859.0,57,0.089,0,south,unemployed,-2.142,22.71
2311,53129.0,67,0.077,1,south,employed,1.064,320.6
2312,25373.0,62,0.147,0,north,employed,0.572,563.66
2313,32552.0,35,0.085,1,west,employed,-0.114,266.64
2314,16641.0,31,0.096,2,east,employed,0.716,1173.95
2315,51235.0,56,0.115,3,north,self-employed,1.232,770.28
2316,34750.0,36,0.214,0,south,employed,2.409,682.29
2317,32066.0,28,0.374,0,south,employed,-2.779,-372.59
2318,43225.0,60,0.46,1,south,employed,-1.243,568.58
2319,36301.0,32,0.315,0,south,unemployed,1.766,404.45
2320,44142.0,46,0.317,0,south,,0.428,430.57
2321,17202.0,68,0.136,2,west,employed,-0.115,1546.61
2322,26476.0,32,0.85,1,south,self-employed,1.116,1833.02
2323,43259.0,35,0.416,1,south,employed,-1.052,637.31
2324,72063.0,24,0.948,1,west,self-employed,0.288,1849.41
2325,17169.0,25,0.406,1,north,employed,-0.366,2176.3
2326,34312.0,52,0.122,2,north,retired,0.428,947.76
2327,47698.0,67,0.308,0,south,self-employed,-0.655,1109.84
2328,15732.0,38,0.656,0,south,employed,-0.62,992.07
2329,40103.0,38,0.475,0,east,employed,0.03,359.12
2330,54976.0,60,0.414,0,north,retired,-1.884,422.05
2331,26776.0,34,0.632,2,islands,employed,0.923,2369.42
2332,35453.0,59,0.145,2,east,employed,1.247,290.8
2333,85051.0,56,0.517,0,north,employed,-1.144,1067.09
2334,128164.0,69,0.397,0,north,self-employed,-0.458,938.26
2335,66316.0,57,0.636,1,south,self-employed,-0.307,1661.48
2336,27379.0,44,0.721,1,south,employed,-0.46,2169.54
2337,92425.0,25,0.374,1,south,self-employed,-1.705,358.74
2338,73374.0,47,0.463,0,south,employed,-0.302,960.96
2339,32741.0,38,0.731,2,west,employed,-1.6,1147.22
2340,29103.0,22,0.381,1,south,self-employed,-0.34,1315.47
2341,57353.0,63,0.638,2,south,self-employed,1.311,1464.15
2342,80870.0,60,0.349,0,east,employed,0.985,94.35
2343,96849.0,68,0.902,1,south,retired,-1.677,1353.69
2344,74306.0,29,0.365,2,south,employed,1.741,306.8
2345,,68,0.398,2,east,employed,-0.501,1150.7
2346,21698.0,42,0.146,1,north,employed,1.006,866.22
2347,34659.0,21,0.022,0,east,retired,0.787,431.78
2348,51864.0,41,0.448,0,north,unemployed,0.082,1429.81
2349,27422.0,47,0.366,1,south,unemployed,-1.584,1360.75
2350,23180.0,57,0.662,0,west,employed,-0.325,815.49
2351,29893.0,55,0.196,1,east,,0.968,602.56
2352,196319.0,44,0.408,1,south,employed,0.529,187.55
2353,26569.0,32,0.036,3,north,retired,-1.011,1270.0
2354,34965.0,68,0.372,1,north,employed,0.547,451.38
2355,58409.0,36,0.247,0,north,employed,1.433,195.11
2356,53502.0,30,0.427,2,north,self-employed,-0.938,1668.0
2357,75147.0,50,0.368,1,west,self-employed,1.07,286.94
2358,29467.0,52,0.455,1,north,employed,0.532,551.84
2359,53352.0,35,0.435,2,west,employed,1.171,244.85
2360,31831.0,33,0.755,1,north,employed,-0.383,1081.5
2361,67010.0,69,0.295,1,north,employed,0.286,188.84
2362,29406.0,62,0.206,2,south,employed,-1.03,6.88
2363,34161.0,64,0.552,0,north,retired,-0.988,1681.0
2364,73158.0,61,0.354,0,north,employed,-0.072,327.22
2365,47853.0,36,0.359,1,west,self-employed,0.76,341.45
2366,42720.0,47,0.593,3,south,retired,0.563,1791.36
2367,36838.0,28,0.507,0,north,employed,-0.339,-213.64
2368,27092.0,60,0.565,3,west,employed,0.726,1133.1
2369,49855.0,51,0.424,1,west,self-employed,-0.319,-16.98
2370,30227.0,22,0.601,3,north,employed,0.939,1459.1
2371,65972.0,23,0.738,2,north,retired,0.493,2187.54
2372,49124.0,21,0.515,2,north,self-employed,-0.801,2076.27
2373,44108.0,46,0.215,0,east,employed,-0.796,485.57
2374,34849.0,43,0.137,1,north,employed,-1.054,356.73
2375,65374.0,49,0.09,0,north,self-employed,0.649,433.07
2376,,54,0.527,3,north,self-employed,-0.667,2128.98
2377,23600.0,48,0.268,0,south,self-employed,-0.936,1773.73
2378,51941.0,60,0.283,1,east,retired,-0.89,138.18
2379,65898.0,47,0.569,1,south,employed,-1.925,440.59
2380,19204.0,55,0.036,0,south,self-employed,1.075,801.81
2381,39547.0,57,0.577,3,west,employed,1.045,843.66
2382,47513.0,24,0.174,2,east,employed,-0.662,216.52
2383,41204.0,43,0.374,1,west,self-employed,0.97,588.47
2384,54050.0,57,0.566,1,west,,-1.434,1070.45
2385,64612.0,26,0.155,2,south,unemployed,-0.472,760.2
2386,43805.0,46,1.064,4,east,employed,0.677,2266.3
2387,35352.0,51,0.008,1,west,employed,0.539,-375.26
2388,34087.0,34,0.28,1,south,self-employed,0.446,1166.98
2389,49925.0,24,0.838,1,west,unemployed,0.083,1838.69
2390,44749.0,31,0.781,1,north,,1.287,2493.2
2391,33064.0,40,0.743,2,north,employed,0.178,1174.68
2392,30287.0,48,0.088,2,north,employed,0.375,266.3
2393,38987.0,28,0.942,3,north,employed,-0.562,1172.06
2394,47400.0,21,0.15,2,west,employed,-0.059,10.5
2395,75495.0,47,0.183,2,south,employed,1.253,393.0
2396,35905.0,49,0.665,1,east,employed,-1.034,785.65
2397,13569.0,54,0.234,1,west,retired,0.65,1341.7
2398,44772.0,31,0.414,5,north,employed,0.259,1895.24
2399,35245.0,36,0.916,2,south,employed,0.272,3080.2
2400,46127.0,36,0.347,0,south,unemployed,-0.158,1402.87
2401,14461.0,38,0.913,1,south,self-employed,-0.81,3430.67
2402,14985.0,53,0.381,1,south,employed,1.179,1408.6
2403,31615.0,34,0.329,1,south,employed,-0.478,625.25
2404,52979.0,50,0.137,0,north,unemployed,-0.533,616.6
2405,62990.0,23,0.542,0,south,retired,-1.46,1550.0
2406,,61,0.084,0,north,,-0.179,384.94
2407,48241.0,60,0.981,0,north,,-0.772,1481.67
2408,38003.0,22,0.928,1,south,employed,-0.102,-36.57
2409,,66,0.533,1,north,employed,-1.364,988.88
2410,28088.0,36,0.565,1,north,employed,-1.056,1033.53
2411,26882.0,48,0.806,0,east,,-0.264,1728.87
2412,53801.0,42,0.267,2,north,employed,0.453,988.6
2413,20831.0,40,0.105,2,west,employed,0.081,588.53
2414,21747.0,23,0.149,2,east,employed,-0.781,1272.81
2415,17211.0,33,0.571,3,west,employed,0.273,1357.32
2416,30203.0,68,0.339,0,north,retired,-0.74,937.92
2417,53230.0,42,0.72,1,north,employed,0.856,768.44
2418,,21,0.715,0,north,employed,-0.036,861.97
2419,21351.0,54,0.395,0,east,employed,-0.242,1583.58
2420,113638.0,24,0.501,1,east,employed,-0.788,675.22
2421,16314.0,63,0.445,1,east,self-employed,1.214,1140.71
2422,45746.0,60,0.481,0,south,self-employed,-0.725,-128.35
2423,35047.0,28,0.193,1,north,employed,0.993,772.29
2424,45416.0,36,0.627,1,south,employed,0.96,203.74
2425,27262.0,64,0.989,0,north,employed,0.874,803.35
2426,49022.0,25,0.093,3,west,self-employed,0.245,759.41
2427,30638.0,25,0.245,1,north,employed,1.321,856.44
2428,,52,0.292,2,south,,-0.745,707.15
2429,51831.0,54,0.311,2,south,retired,-1.555,986.32
2430,35218.0,68,0.457,0,west,employed,0.291,487.1
2431,,28,0.243,1,south,employed,-1.824,1006.03
2432,27262.0,52,0.314,1,north,employed,0.69,63.79
2433,57908.0,55,0.245,0,south,self-employed,0.919,166.74
2434,34167.0,21,0.54,1,north,employed,1.427,543.75
2435,36726.0,35,0.256,3,east,retired,-1.191,1499.61
2436,26266.0,69,0.2,0,south,employed,0.153,851.68
2437,57117.0,51,0.065,1,north,employed,0.031,277.44
2438,20460.0,59,0.34,1,south,employed,-0.068,883.86
2439,58550.0,67,0.581,2,islands,employed,-0.38,253.45
2440,29682.0,69,0.435,1,north,unemployed,-0.136,2238.51
2441,44596.0,51,0.23,1,east,employed,-0.707,750.92
2442,16146.0,31,0.152,3,south,unemployed,1.126,2423.46
2443,24588.0,35,0.427,2,east,employed,-0.747,2829.25
2444,39080.0,38,0.462,1,west,,-1.103,357.47
2445,43335.0,47,0.581,2,north,employed,0.082,229.46
2446,41939.0,42,0.152,2,west,self-employed,0.848,990.69
2447,,27,0.241,0,east,employed,0.732,612.06
2448,45381.0,63,0.443,1,west,employed,1.509,367.34
2449,82672.0,21,0.377,1,west,employed,0.618,433.93
2450,37339.0,46,0.719,0,west,retired,-0.862,487.82
2451,24414.0,52,0.545,0,south,unemployed,0.269,2850.8
2452,41893.0,59,0.162,0,north,unemployed,-0.545,404.24
2453,29366.0,58,0.503,1,west,,-0.933,2410.18
2454,33381.0,25,0.509,1,north,retired,-0.38,1010.31
2455,41378.0,40,0.655,1,east,self-employed,-1.283,1303.38
2456,17190.0,63,0.502,0,north,self-employed,1.047,678.88
2457,94872.0,24,0.346,1,north,employed,-0.497,594.24
2458,127789.0,46,0.191,0,south,employed,-0.62,206.95
2459,86665.0,69,0.336,1,south,employed,0.824,676.04
2460,33839.0,61,0.237,1,south,unemployed,-1.153,1790.3
2461,14402.0,64,0.051,0,east,self-employed,0.258,622.4
2462,24866.0,41,0.149,1,north,employed,-0.476,508.92
2463,56393.0,37,0.303,0,south,self-employed,-0.557,263.99
2464,32250.0,29,0.158,0,south,retired,-1.462,518.72
2465,38139.0,63,0.329,0,south,employed,1.854,1175.55
2466,51151.0,28,0.635,0,west,employed,-0.107,832.71
2467,49992.0,29,0.404,0,south,employed,0.171,491.75
2468,37048.0,60,0.035,1,islands,self-employed,-1.579,1209.59
2469,49111.0,23,0.052,2,north,employed,0.43,685.1
2470,11560.0,63,0.4,1,north,self-employed,0.693,2332.26
2471,19091.0,41,0.268,1,east,employed,-0.625,508.37
2472,33616.0,45,0.358,3,south,employed,0.284,1002.84
2473,29173.0,40,0.833,0,south,retired,-0.143,1865.92
2474,30135.0,41,0.272,3,south,employed,0.35,322.26
2475,39294.0,59,0.388,0,west,self-employed,0.829,327.9
2476,42190.0,33,0.785,2,islands,,0.287,933.98
2477,35335.0,55,0.298,0,north,employed,-1.107,412.23
2478,56852.0,29,0.35,2,north,employed,-4.201,632.94
2479,39515.0,49,0.135,1,west,employed,0.056,769.47
2480,66524.0,44,0.527,3,north,employed,0.411,410.76
2481,26252.0,42,0.467,1,south,employed,1.241,980.66
2482,22061.0,33,0.129,2,west,self-employed,0.243,894.01
2483,28480.0,28,0.874,0,north,employed,-0.766,1996.75
2484,69994.0,66,0.192,4,west,self-employed,-0.659,493.37
2485,30216.0,36,0.758,1,north,unemployed,-0.676,3306.09
2486,68618.0,56,0.64,0,south,employed,1.186,665.99
2487,38488.0,44,0.633,2,islands,self-employed,0.713,1213.38
2488,29059.0,29,0.617,1,south,employed,1.741,564.85
2489,36755.0,44,0.289,1,north,retired,-0.645,333.29
2490,14895.0,39,0.278,0,east,,-0.601,653.96
2491,45774.0,31,0.164,0,south,unemployed,-0.771,166.18
2492,35383.0,52,0.351,2,west,self-employed,-1.433,1236.79
2493,42474.0,28,0.38,2,east,employed,0.353,1438.79
2494,,28,0.694,1,south,employed,-0.841,2066.21
2495,48015.0,46,0.481,2,south,employed,0.105,1432.89
2496,53282.0,24,0.403,2,west,employed,1.682,217.59
2497,20601.0,30,0.935,0,west,self-employed,0.294,2638.93
2498,84673.0,66,0.52,5,south,employed,1.836,1382.99
2499,56551.0,43,0.279,1,east,employed,1.023,942.54
2500,70549.0,30,0.707,1,north,self-employed,0.574,180.74
2501,,43,0.558,2,west,retired,-1.59,1975.85
2502,44053.0,22,0.561,4,west,self-employed,0.529,3685.61
2503,70313.0,33,0.358,0,south,self-employed,1.506,813.49
2504,33275.0,38,0.262,0,east,self-employed,1.559,721.5
2505,22353.0,36,0.615,0,east,employed,-1.1,1415.49
2506,37218.0,68,0.358,0,north,employed,-0.753,134.13
2507,19646.0,31,0.12,0,south,employed,-0.716,111.5
2508,34002.0,43,0.357,3,north,self-employed,-0.835,1290.35
2509,25095.0,65,0.291,2,south,employed,-0.268,1338.02
2510,,26,0.714,1,south,employed,0.042,1497.26
2511,36028.0,53,0.871,1,east,unemployed,-0.371,5674.28
2512,40291.0,43,0.528,2,west,retired,0.061,1775.72
2513,46236.0,31,0.767,0,south,employed,-1.045,660.46
2514,76356.0,42,0.528,1,west,employed,-0.215,1321.56
2515,32378.0,49,0.582,2,north,self-employed,-2.356,2503.75
2516,46486.0,47,0.713,1,north,employed,0.128,1331.36
2517,29684.0,55,0.254,3,west,,1.606,990.07
2518,28967.0,68,0.852,0,south,employed,-2.142,1184.11
2519,28918.0,33,0.402,1,north,employed,-0.022,453.58
2520,39555.0,43,0.119,3,east,retired,1.199,1013.39
2521,17151.0,34,0.579,4,west,employed,0.659,2377.57
2522,96083.0,22,0.169,2,east,retired,-0.464,683.62
2523,63309.0,26,0.602,0,north,employed,-0.708,138.37
2524,79553.0,52,0.236,1,north,unemployed,0.128,874.09
2525,26567.0,37,0.21,2,west,employed,-0.804,774.31
2526,,33,0.306,1,south,employed,-1.127,826.56
2527,,42,0.242,0,west,employed,1.454,61.61
2528,37369.0,67,1.235,0,west,retired,-0.184,4728.04
2529,40527.0,59,0.412,1,west,employed,2.071,1191.49
2530,32253.0,53,0.345,6,north,employed,0.003,1682.46
2531,21772.0,34,0.575,2,east,employed,-0.615,1943.55
2532,19231.0,30,0.423,1,east,employed,-1.412,1685.64
2533,38551.0,38,0.314,1,north,employed,2.679,675.95
2534,45093.0,38,0.088,2,south,employed,-0.299,1494.14
2535,41709.0,67,0.166,2,south,employed,0.215,905.34
2536,33002.0,43,0.814,1,west,employed,0.038,1229.0
2537,24148.0,59,0.29,1,north,employed,0.498,1403.8
2538,15693.0,39,0.703,0,east,employed,-0.501,1343.38
2539,88273.0,32,0.231,0,south,employed,0.571,291.08
2540,33816.0,45,0.862,1,west,employed,1.495,482.1
2541,42807.0,34,0.509,4,north,employed,-0.799,849.92
2542,134660.0,58,0.942,1,east,employed,-0.379,323.37
2543,77407.0,60,0.831,1,south,employed,-0.247,172.99
2544,13712.0,42,0.372,1,west,employed,-1.094,975.88
2545,54617.0,56,0.515,0,south,self-employed,-0.601,737.33
2546,79034.0,23,0.185,2,south,unemployed,1.715,1064.42
2547,58055.0,50,0.416,0,north,employed,0.256,570.53
2548,60694.0,33,0.435,3,south,employed,3.096,1048.26
2549,109807.0,30,0.491,0,north,unemployed,1.633,494.74
2550,25325.0,37,0.443,2,east,self-employed,-1.014,2855.46
2551,32949.0,34,0.797,0,south,employed,0.207,711.58
2552,23787.0,48,0.319,0,north,retired,0.323,1093.24
2553,,62,0.272,1,north,employed,1.882,-120.53
2554,,22,0.622,2,east,employed,-1.64,1974.48
2555,54236.0,43,0.434,2,south,employed,-0.135,57.19
2556,20746.0,27,0.149,1,north,self-employed,-2.063,944.06
2557,35120.0,55,0.493,1,west,employed,0.591,424.16
2558,29230.0,49,0.416,0,east,employed,-0.58,359.56
2559,55262.0,22,0.455,1,west,employed,0.996,266.18
2560,50012.0,49,0.396,0,west,self-employed,0.634,320.27
2561,35903.0,65,0.603,0,north,employed,0.339,712.97
2562,52125.0,57,0.523,1,south,employed,0.099,299.66
2563,44732.0,53,0.58,1,north,employed,1.143,686.62
2564,9725.0,31,0.343,4,south,employed,-0.114,3388.26
2565,73029.0,32,1.049,1,north,employed,1.07,2275.17
2566,41258.0,30,0.129,1,east,employed,-1.441,1062.1
2567,43815.0,39,0.229,1,north,self-employed,-0.328,742.28
2568,27965.0,60,0.473,1,east,employed,1.299,146.31
2569,37312.0,66,0.388,1,east,unemployed,-0.623,990.08
2570,35888.0,47,0.246,0,north,employed,-1.139,363.14
2571,29899.0,45,1.007,2,south,employed,-0.147,3397.46
2572,36293.0,61,0.721,0,south,employed,-1.499,1168.75
2573,34813.0,61,0.569,0,south,retired,1.137,603.22
2574,25505.0,60,0.297,2,south,employed,0.108,425.55
2575,33242.0,53,0.372,2,south,employed,-0.622,762.85
2576,37843.0,60,0.21,2,east,unemployed,-1.398,2666.97
2577,32363.0,34,0.435,0,east,employed,0.591,1514.07
2578,23720.0,37,0.549,1,east,employed,0.385,850.84
2579,14302.0,47,0.087,0,east,employed,1.344,718.79
2580,26207.0,60,0.247,1,south,self-employed,1.456,2036.68
2581,20428.0,58,0.209,1,west,unemployed,-0.379,1540.55
2582,22523.0,65,0.424,0,north,self-employed,-1.561,642.51
2583,16972.0,43,0.415,1,east,self-employed,-0.862,1295.62
2584,18402.0,37,0.459,3,east,employed,-0.351,860.1
2585,55112.0,51,0.089,1,south,employed,0.243,385.2
2586,31073.0,32,0.168,0,south,employed,0.474,697.22
2587,28540.0,61,0.688,1,east,employed,0.354,787.68
2588,16085.0,33,0.354,1,east,employed,1.62,556.56
2589,20671.0,61,0.24,1,islands,employed,0.787,503.06
2590,31617.0,57,0.347,1,north,employed,3.144,676.49
2591,32333.0,58,0.466,1,east,employed,0.643,160.22
2592,46730.0,39,0.225,2,east,employed,1.574,603.64
2593,24816.0,54,0.231,0,west,self-employed,-0.897,450.24
2594,23183.0,49,0.143,0,north,self-employed,1.203,645.4
2595,25044.0,27,0.209,2,south,retired,0.484,1268.65
2596,24564.0,33,0.675,2,south,,-0.441,3046.2
2597,81872.0,39,0.78,1,south,self-employed,-0.626,1162.4
2598,9708.0,21,0.446,1,north,retired,0.152,2202.65
2599,,25,0.577,0,east,unemployed,0.464,1971.34
2600,34467.0,52,0.432,0,east,retired,-0.735,623.21
2601,50997.0,25,0.418,0,south,employed,-0.132,568.88
2602,39623.0,43,0.525,1,east,employed,0.935,1094.64
2603,71851.0,38,0.089,2,west,,-0.951,912.44
2604,,64,0.406,1,south,retired,-0.562,604.41
2605,48773.0,25,0.345,1,north,unemployed,0.213,1542.76
2606,30611.0,54,0.989,0,east,employed,0.568,1066.71
2607,21856.0,44,0.593,1,south,employed,0.532,1101.2
2608,,67,0.035,0,east,employed,0.68,73.81
2609,50937.0,37,0.657,1,north,employed,-0.116,993.91
2610,40621.0,47,0.696,1,north,retired,-0.011,992.27
2611,29093.0,40,0.166,0,south,employed,-1.316,-106.22
2612,,58,0.338,2,west,unemployed,-0.91,2213.28
2613,30133.0,61,0.556,0,north,employed,-0.86,297.22
2614,32796.0,26,0.504,1,south,employed,-1.326,385.12
2615,59385.0,28,0.459,1,south,self-employed,-0.362,892.97
2616,84408.0,38,0.173,2,west,employed,0.112,245.89
2617,52566.0,27,0.576,1,north,self-employed,1.277,1781.44
2618,39426.0,51,0.396,2,west,employed,0.854,798.96
2619,,30,0.339,0,east,self-employed,0.817,1492.82
2620,23322.0,53,0.201,3,east,employed,2.431,576.62
2621,25956.0,45,0.21,0,south,employed,-0.009,166.71
2622,46104.0,34,0.767,0,south,self-employed,-1.51,804.8
2623,69839.0,33,0.656,1,south,employed,-0.3,105.11
2624,49550.0,27,0.204,0,north,employed,-1.071,713.27
2625,26932.0,62,0.634,1,north,self-employed,0.522,2359.9
2626,,65,0.267,2,east,employed,0.444,199.92
2627,18480.0,52,0.295,0,east,employed,1.262,899.01
2628,26948.0,58,0.164,1,west,self-employed,0.059,912.77
2629,32562.0,38,0.584,1,west,employed,1.599,798.67
2630,25006.0,50,0.55,2,south,self-employed,1.35,1698.87
2631,52298.0,29,0.498,0,east,employed,0.457,626.06
2632,29325.0,25,0.928,3,north,employed,-1.244,5058.64
2633,28402.0,38,0.717,1,west,employed,1.583,927.46
2634,33765.0,56,0.467,2,east,self-employed,0.301,851.59
2635,26584.0,68,0.453,0,north,self-employed,0.63,890.01
2636,44328.0,69,0.697,1,west,employed,-0.583,2190.03
2637,64234.0,53,0.356,1,north,employed,0.165,421.8
2638,38451.0,51,0.062,3,west,self-employed,0.257,527.83
2639,52009.0,49,0.277,2,east,employed,-0.463,548.54
2640,88016.0,57,0.469,3,south,self-employed,-0.605,665.61
2641,29971.0,22,0.305,2,south,self-employed,0.581,791.1
2642,46657.0,42,0.386,3,west,employed,-1.496,1279.43
2643,43800.0,50,0.575,1,south,employed,-0.709,404.92
2644,14690.0,27,0.113,2,east,employed,0.049,1068.36
2645,35612.0,69,0.555,2,east,employed,-0.442,668.59
2646,40089.0,60,0.699,3,east,employed,0.131,1046.13
2647,61294.0,59,0.218,1,west,retired,-0.317,715.58
2648,53800.0,51,0.556,2,west,employed,0.726,382.69
2649,48793.0,61,0.627,0,north,employed,0.823,759.27
2650,,34,0.325,0,east,employed,0.547,617.5
2651,55208.0,35,0.164,2,east,self-employed,-1.207,806.88
2652,83228.0,23,0.304,2,south,employed,0.712,770.02
2653,30792.0,62,0.316,2,north,self-employed,0.317,882.66
2654,67254.0,58,0.259,1,west,unemployed,0.063,1071.47
2655,,25,1.151,1,east,self-employed,-0.14,1511.6
2656,25329.0,47,0.111,1,west,employed,0.597,382.18
2657,88341.0,24,0.555,2,west,employed,-0.074,1547.62
2658,42491.0,51,0.057,1,east,employed,-0.498,582.0
2659,56983.0,40,0.365,2,east,employed,-0.677,188.34
2660,50154.0,36,0.309,3,east,employed,-1.055,529.37
2661,31375.0,69,0.309,0,south,retired,-1.073,824.91
2662,70571.0,56,0.202,1,north,self-employed,-0.31,43.11
2663,27990.0,59,0.411,0,south,unemployed,2.51,1015.28
2664,81575.0,41,0.252,1,west,unemployed,0.075,675.43
2665,46866.0,38,0.321,1,north,retired,0.02,1054.48
2666,26276.0,45,0.102,3,west,employed,1.674,1077.15
2667,22505.0,41,0.661,1,north,employed,-1.316,1006.68
2668,31400.0,38,0.359,1,south,employed,-1.884,620.99
2669,49199.0,50,0.504,1,south,,1.051,1388.16
2670,41739.0,42,0.429,0,east,employed,0.113,303.03
2671,47451.0,64,0.307,1,west,employed,-2.019,618.29
2672,51374.0,37,1.085,5,west,employed,1.117,1643.86
2673,77182.0,65,0.556,0,north,unemployed,-1.455,1070.46
2674,28855.0,54,0.253,3,east,self-employed,-0.269,1348.4
2675,23121.0,30,0.385,1,north,employed,-0.626,1339.35
2676,30992.0,51,0.443,0,south,employed,-0.824,1545.45
2677,30107.0,41,0.565,1,north,employed,0.748,1024.82
2678,,54,0.689,1,west,employed,1.542,573.68
2679,56611.0,52,0.209,4,north,retired,0.404,1157.9
2680,30514.0,26,0.256,2,south,employed,1.713,154.88
2681,10753.0,55,0.225,2,west,employed,0.779,741.38
2682,24532.0,23,0.323,0,east,self-employed,-0.776,1040.15
2683,20631.0,44,0.276,0,north,employed,-0.749,94.54
2684,45909.0,39,0.452,0,south,retired,-0.174,758.83
2685,37847.0,69,0.131,1,south,retired,-1.34,580.15
2686,48007.0,22,0.057,2,east,employed,-0.454,930.3
2687,38744.0,57,0.244,3,east,unemployed,-1.041,403.11
2688,46369.0,67,0.125,0,east,employed,-1.227,437.08
2689,96778.0,64,0.345,1,south,employed,-1.629,379.34
2690,22750.0,21,0.558,2,south,employed,-0.171,1228.1
2691,56729.0,51,0.951,2,west,employed,-0.318,339.56
2692,64873.0,64,0.437,0,north,employed,-0.815,387.7
2693,37832.0,35,0.384,2,south,employed,-0.883,792.94
2694,32830.0,56,0.372,2,north,unemployed,0.719,400.81
2695,73943.0,45,0.472,1,west,unemployed,0.965,3589.78
2696,15295.0,36,0.289,1,north,retired,2.281,1604.0
2697,69187.0,42,0.588,0,east,self-employed,0.991,591.94
2698,79647.0,43,0.823,2,west,retired,-0.225,1227.62
2699,64739.0,41,0.222,1,north,self-employed,-1.386,582.77
2700,35722.0,45,0.294,1,north,employed,-0.431,511.93
2701,25789.0,27,0.179,0,north,self-employed,-0.394,612.8
2702,,60,0.775,1,north,employed,-0.72,1086.33
2703,41663.0,62,0.694,0,west,employed,-1.255,629.05
2704,,44,0.169,1,south,employed,-0.509,1159.85
2705,159330.0,57,0.221,3,north,employed,0.439,138.83
2706,28727.0,33,0.486,1,south,self-employed,-0.1,2378.44
2707,65363.0,52,0.302,1,south,employed,2.479,235.35
2708,80861.0,59,0.493,0,north,retired,0.184,78.18
2709,,25,0.42,0,north,employed,1.679,85.59
2710,46965.0,23,0.262,1,east,retired,0.144,1192.82
2711,29094.0,26,0.613,0,north,self-employed,-0.626,409.15
2712,25915.0,25,0.538,0,south,self-employed,-0.4,1206.05
2713,23286.0,31,0.95,2,east,employed,1.026,1196.93
2714,45512.0,36,0.13,0,north,employed,-1.453,277.3
2715,33300.0,24,0.534,0,south,unemployed,1.025,2628.32
2716,44902.0,45,0.521,1,south,self-employed,-0.594,280.27
2717,27488.0,67,0.129,1,north,self-employed,2.537,1061.77
2718,27349.0,62,0.052,1,north,employed,-0.322,579.1
2719,37800.0,69,0.083,1,north,employed,0.718,122.82
2720,54997.0,62,0.477,0,south,retired,-0.339,8.74
2721,40706.0,39,0.773,2,north,employed,-0.581,571.37
2722,31771.0,39,0.207,3,north,employed,0.112,329.94
2723,29418.0,56,0.109,2,north,retired,0.475,364.46
2724,45423.0,44,0.319,0,south,employed,-1.136,131.88
2725,100708.0,52,0.354,2,south,self-employed,0.979,867.11
2726,142413.0,38,0.291,2,south,unemployed,-1.211,1698.96
2727,41612.0,58,0.598,2,north,,-0.559,634.14
2728,31102.0,21,0.257,0,east,employed,0.055,11.06
2729,67054.0,52,0.329,1,north,employed,0.123,910.01
2730,33657.0,68,0.509,0,east,employed,-0.423,183.38
2731,11601.0,46,0.132,0,south,employed,-0.761,1054.68
2732,31152.0,36,0.49,0,north,retired,0.678,929.3
2733,51552.0,45,0.445,2,north,unemployed,-0.692,1033.4
2734,31094.0,55,0.533,1,west,employed,-0.96,554.15
2735,64789.0,25,0.838,4,west,unemployed,1.749,2390.03
2736,35797.0,52,0.512,3,north,unemployed,0.975,2990.76
2737,35546.0,22,0.006,2,south,unemployed,-0.366,1639.97
2738,52858.0,63,0.458,2,north,unemployed,-0.343,2057.05
2739,18285.0,62,0.171,0,north,employed,0.257,4.64
2740,24679.0,35,0.484,2,south,employed,0.049,1664.13
2741,72948.0,24,0.344,0,north,self-employed,-0.82,410.36
2742,24336.0,39,0.251,2,south,employed,0.53,317.21
2743,57517.0,69,0.049,3,south,employed,-2.034,461.34
2744,26146.0,66,0.477,2,east,,0.488,833.57
2745,33618.0,31,0.158,0,north,employed,0.672,-12.11
2746,12703.0,58,0.089,0,south,employed,0.578,685.22
2747,59023.0,43,0.601,3,west,employed,0.614,1157.52
2748,29896.0,66,0.501,1,east,unemployed,1.143,5959.92
2749,27485.0,46,0.331,3,north,unemployed,0.807,1806.63
2750,20886.0,30,0.532,1,north,self-employed,-0.441,1454.87
2751,24574.0,48,0.214,2,east,self-employed,0.422,1640.83
2752,25491.0,34,0.4,2,west,employed,-0.377,1040.21
2753,58174.0,39,0.701,1,north,unemployed,-0.547,2550.51
2754,37606.0,69,1.071,1,west,employed,-0.895,1177.64
2755,40137.0,40,0.852,0,west,self-employed,0.429,1913.88
2756,84874.0,61,0.339,1,north,employed,-0.051,72.73
2757,28120.0,60,0.337,0,north,self-employed,-1.123,488.18
2758,53088.0,68,0.21,1,east,unemployed,0.322,1236.86
2759,51164.0,21,0.789,2,south,self-employed,0.933,2166.75
2760,38128.0,36,0.526,2,south,employed,-1.464,807.08
2761,33065.0,59,0.352,2,north,employed,-1.078,1252.86
2762,101879.0,23,0.541,2,north,employed,0.046,377.89
2763,26718.0,39,0.284,3,south,employed,-0.771,680.76
2764,30594.0,65,0.577,0,south,unemployed,-0.302,184.61
2765,42029.0,60,0.038,3,north,,-0.383,886.26
2766,23098.0,41,0.335,1,north,employed,-0.553,55.26
2767,37989.0,50,0.237,0,east,self-employed,1.015,1184.98
2768,60368.0,65,0.16,2,south,employed,0.504,581.41
2769,36273.0,25,0.318,1,east,employed,0.969,941.22
2770,14800.0,50,0.24,2,north,employed,-0.726,1363.42
2771,68576.0,68,0.757,1,west,retired,-0.698,1792.7
2772,33011.0,21,0.106,1,north,employed,0.437,967.17
2773,29921.0,61,0.181,0,south,self-employed,0.578,618.36
2774,48456.0,49,0.256,0,south,employed,0.329,216.94
2775,27454.0,53,0.011,1,east,self-employed,-0.287,490.28
2776,59436.0,44,0.123,1,west,unemployed,0.3,1352.67
2777,34488.0,51,0.337,0,north,employed,1.447,1108.2
2778,27441.0,24,0.284,0,north,,-0.492,1038.44
2779,34558.0,63,0.203,1,north,employed,1.465,365.44
2780,18449.0,49,0.159,3,east,employed,-1.167,1504.82
2781,16499.0,29,0.297,1,south,employed,1.195,196.53
2782,,30,0.65,1,north,retired,-0.679,1016.87
2783,50992.0,51,0.406,2,south,self-employed,0.08,1287.08
2784,12911.0,54,0.082,1,west,unemployed,-0.019,432.51
2785,44889.0,59,0.334,0,west,self-employed,1.157,357.82
2786,42385.0,51,0.263,1,south,self-employed,-0.04,1107.99
2787,34987.0,30,0.575,2,west,unemployed,0.041,1654.92
2788,,56,0.501,1,south,employed,0.487,237.37
2789,17940.0,57,0.617,1,east,unemployed,0.23,6614.01
2790,46823.0,27,0.487,1,east,employed,-0.949,1722.96
2791,59354.0,60,0.686,3,south,employed,-0.209,1211.2
2792,27634.0,31,0.102,1,south,self-employed,1.645,764.35
2793,28641.0,68,0.389,2,west,employed,2.27,-10.42
2794,45131.0,56,0.542,0,south,retired,-0.952,548.34
2795,18487.0,52,0.239,1,south,retired,-0.343,458.03
2796,31202.0,41,0.34,1,north,employed,-2.155,945.0
2797,24258.0,44,0.416,1,south,employed,2.139,409.75
2798,98023.0,59,0.452,2,west,unemployed,-0.895,1017.19
2799,24910.0,59,0.628,1,south,employed,-1.818,905.48
2800,56062.0,31,0.211,1,south,employed,0.275,727.25
2801,13489.0,32,0.793,3,east,self-employed,-0.479,3230.67
2802,33167.0,54,0.087,1,north,employed,0.411,-229.32
2803,43342.0,35,0.166,1,south,retired,2.758,1252.15
2804,66844.0,62,0.736,1,east,self-employed,0.651,1608.05
2805,20207.0,38,0.249,2,east,retired,-0.279,1868.89
2806,,51,0.798,0,east,employed,1.618,587.8
2807,12424.0,31,0.13,3,south,unemployed,-0.439,2158.65
2808,,30,0.538,1,west,employed,1.306,624.96
2809,21497.0,55,0.298,1,south,employed,1.145,390.89
2810,7591.0,26,0.465,1,south,employed,0.38,711.97
2811,33192.0,66,0.207,0,south,self-employed,-0.306,255.67
2812,49387.0,46,0.327,0,east,self-employed,-2.132,477.0
2813,36317.0,65,0.093,0,north,self-employed,0.275,122.77
2814,24063.0,27,0.211,0,north,employed,0.129,363.09
2815,71437.0,39,0.209,1,east,employed,0.692,929.51
2816,29362.0,54,0.545,1,north,employed,-0.611,1466.5
2817,,64,0.223,0,south,self-employed,0.281,316.56
2818,46988.0,48,0.617,2,north,employed,-0.202,1155.39
2819,35768.0,23,0.34,1,west,employed,0.729,269.89
2820,39087.0,39,0.206,1,south,employed,-0.189,92.24
2821,12597.0,38,0.515,2,north,,-1.226,1383.13
2822,75552.0,69,0.395,0,south,unemployed,0.757,1130.61
2823,44295.0,43,0.216,1,north,employed,-1.185,359.57
2824,,37,0.35,1,east,employed,0.668,50.76
2825,19917.0,63,0.088,1,north,,0.456,1123.22
2826,9243.0,43,0.283,1,north,employed,0.1,735.24
2827,38303.0,40,0.48,1,south,,-0.731,1126.28
2828,29788.0,33,0.493,2,north,unemployed,1.586,3832.9
2829,55804.0,40,0.636,1,south,retired,-1.034,963.16
2830,63902.0,57,0.821,0,north,employed,1.129,760.88
2831,,40,0.805,1,north,self-employed,1.078,837.38
2832,21853.0,46,0.614,2,north,retired,0.86,1236.29
2833,65050.0,45,0.705,1,east,employed,0.948,684.4
2834,38732.0,54,0.259,1,south,retired,-0.24,893.23
2835,,68,0.418,4,west,employed,-0.049,708.91
2836,29293.0,53,0.455,2,south,self-employed,-0.749,1266.34
2837,21519.0,68,0.042,1,east,employed,0.645,212.28
2838,25463.0,40,0.274,1,east,employed,-0.141,780.0
2839,33947.0,28,0.273,0,south,employed,-0.79,409.46
2840,15641.0,25,0.332,3,north,unemployed,-0.479,2884.05
2841,52609.0,29,0.241,0,west,employed,-0.064,594.23
2842,60944.0,61,0.291,1,north,unemployed,-1.234,574.91
2843,15567.0,48,0.521,2,west,retired,0.05,1181.13
2844,39981.0,60,0.612,2,east,employed,-0.231,2004.26
2845,19376.0,30,0.886,1,west,employed,-0.345,1468.59
2846,18473.0,27,0.622,1,north,employed,-0.743,1677.6
2847,86896.0,47,0.486,1,north,employed,0.394,903.41
2848,,49,0.428,0,north,self-employed,-0.076,940.55
2849,,31,0.643,3,south,employed,1.301,1587.4
2850,30704.0,22,0.324,0,south,unemployed,-1.567,1082.55
2851,27490.0,28,0.358,0,south,employed,-0.355,195.95
2852,18658.0,50,0.671,0,east,unemployed,1.878,1574.2
2853,99065.0,44,0.631,1,south,unemployed,-1.273,1754.48
2854,,39,0.399,0,south,unemployed,-0.293,1085.13
2855,67128.0,22,0.756,0,south,employed,0.231,1290.28
2856,40817.0,23,0.597,0,west,self-employed,-0.979,815.81
2857,23231.0,64,0.454,1,west,employed,1.725,969.07
2858,56105.0,30,0.823,0,north,employed,-0.572,1125.64
2859,30635.0,54,0.085,4,east,employed,0.818,991.54
2860,21861.0,65,0.511,3,south,employed,-0.733,2377.36
2861,79877.0,56,0.679,0,west,employed,1.73,1237.42
2862,34131.0,31,0.129,3,east,unemployed,-1.356,3485.66
2863,35257.0,24,0.76,1,south,self-employed,-1.421,1820.46
2864,,31,0.588,2,south,employed,-0.847,1327.71
2865,35837.0,58,1.058,2,west,self-employed,2.078,2566.39
2866,100938.0,41,0.786,3,north,employed,-1.404,2043.35
2867,28877.0,33,0.711,2,west,employed,0.862,1953.93
2868,48724.0,36,0.209,0,west,self-employed,-1.807,1237.19
2869,,25,0.935,1,south,employed,-1.02,727.41
2870,55613.0,31,0.866,2,north,employed,-0.723,1861.4
2871,59605.0,27,0.432,2,north,employed,-0.883,673.15
2872,38644.0,47,0.288,1,east,employed,-0.735,204.22
2873,71756.0,68,0.338,1,west,self-employed,-0.859,430.5
2874,17640.0,52,0.543,1,south,employed,-0.756,931.11
2875,48307.0,50,0.25,1,south,retired,-0.873,595.16
2876,89038.0,67,0.171,3,north,employed,-0.873,305.01
2877,,31,0.293,1,east,unemployed,-0.731,2235.03
2878,63723.0,25,0.225,1,south,employed,1.432,355.17
2879,63439.0,45,0.169,3,south,retired,-1.453,1393.1
2880,30319.0,48,0.071,1,west,employed,-0.295,754.92
2881,108862.0,61,0.273,2,east,self-employed,0.748,646.43
2882,32665.0,36,0.375,1,south,employed,2.089,747.02
2883,28228.0,52,0.367,1,north,employed,-0.008,298.22
2884,,47,0.596,0,west,employed,0.073,1082.9
2885,23454.0,49,0.942,1,south,self-employed,-0.198,1995.64
2886,16991.0,62,0.592,4,south,self-employed,-0.086,1920.46
2887,23539.0,31,0.131,0,south,employed,0.521,776.58
2888,82757.0,27,0.217,0,west,employed,-0.015,923.88
2889,19340.0,36,0.092,3,north,employed,1.826,308.28
2890,31641.0,56,0.186,3,south,employed,-1.627,772.74
2891,52392.0,66,0.364,0,west,employed,1.288,106.13
2892,36031.0,32,0.315,2,west,employed,0.568,1523.64
2893,36906.0,32,0.83,2,north,retired,1.922,1814.02
2894,95598.0,28,0.539,3,islands,,-1.48,704.28
2895,42226.0,34,0.457,1,north,employed,0.928,917.96
2896,51636.0,65,0.4,0,north,employed,-2.402,625.98
2897,50442.0,40,0.127,0,south,,0.606,110.53
2898,58727.0,57,0.811,2,north,self-employed,0.843,1548.16
2899,47504.0,54,0.522,2,south,self-employed,0.885,1669.68
2900,31442.0,60,0.296,2,east,employed,-0.918,637.95
2901,24802.0,21,0.267,3,south,employed,-0.12,1071.11
2902,116265.0,26,0.354,0,east,employed,0.555,234.31
2903,65615.0,30,0.329,2,east,employed,0.006,540.7
2904,12524.0,46,0.199,1,north,employed,-1.031,492.95
2905,31789.0,26,0.901,1,north,retired,0.21,513.88
2906,30335.0,58,0.75,1,south,employed,-1.604,433.95
2907,20777.0,45,0.543,1,west,employed,0.592,567.48
2908,19055.0,41,0.983,1,south,self-employed,1.084,2838.18
2909,48439.0,54,0.327,1,north,self-employed,-2.102,1349.81
2910,15959.0,38,0.246,0,north,,-1.725,1044.53
2911,,33,0.403,0,east,employed,-1.172,576.21
2912,37602.0,50,0.307,1,south,employed,0.574,577.09
2913,50766.0,46,0.341,1,west,employed,-0.229,807.46
2914,35870.0,61,0.783,1,north,unemployed,0.193,933.36
2915,79879.0,59,0.214,0,west,self-employed,-0.601,438.82
2916,,59,0.522,0,south,self-employed,0.876,816.09
2917,28728.0,43,0.179,0,west,unemployed,0.327,2512.78
2918,,51,0.402,1,west,retired,0.067,642.25
2919,42106.0,44,0.593,4,north,employed,-0.077,1452.49
2920,106964.0,30,0.487,0,east,employed,1.612,638.81
2921,43219.0,58,0.398,1,west,self-employed,-0.913,609.63
2922,,64,0.502,0,north,retired,0.106,155.91
2923,31715.0,26,0.666,0,east,employed,1.11,654.74
2924,60162.0,58,0.546,3,north,unemployed,-0.928,2653.52
2925,41252.0,30,0.608,1,west,employed,-0.89,447.93
2926,29003.0,23,0.121,1,south,retired,-1.175,477.47
2927,170183.0,41,0.095,2,south,unemployed,0.307,-154.37
2928,25046.0,67,0.164,2,east,employed,1.277,613.47
2929,11976.0,56,0.478,4,north,employed,-0.02,2705.33
2930,20387.0,49,0.317,2,south,employed,0.284,550.49
2931,48384.0,61,0.682,3,south,employed,0.156,1326.25
2932,59266.0,69,0.478,0,south,employed,-2.008,310.83
2933,30322.0,37,0.611,0,west,employed,-0.664,909.01
2934,28183.0,46,0.533,1,south,employed,-1.853,1172.29
2935,74283.0,50,0.232,0,west,self-employed,0.525,228.87
2936,36401.0,30,0.391,5,south,self-employed,0.657,4460.96
2937,62718.0,28,0.424,2,south,employed,-3.244,1042.25
2938,26025.0,22,0.616,0,west,employed,-1.813,785.96
2939,103401.0,48,0.457,0,west,unemployed,0.954,397.34
2940,22388.0,26,0.35,1,south,retired,1.055,2276.84
2941,,47,0.382,3,north,employed,1.268,1193.45
2942,27385.0,68,0.277,0,east,retired,0.51,62.18
2943,34245.0,32,0.336,1,islands,employed,-0.431,-63.34
2944,46862.0,51,0.872,1,north,,-1.462,774.18
2945,79038.0,44,0.562,1,north,retired,1.17,252.19
2946,49691.0,62,0.571,3,east,self-employed,1.486,1685.19
2947,23638.0,37,0.48,2,north,retired,0.407,2291.88
2948,40945.0,22,0.275,1,south,self-employed,-0.19,783.64
2949,6816.0,63,0.879,2,west,retired,0.504,4222.57
2950,36431.0,58,0.467,3,south,self-employed,-0.774,1656.95
2951,48387.0,22,0.822,1,east,self-employed,-0.456,2077.43
2952,57541.0,32,0.862,1,east,employed,-1.895,1282.24
2953,73943.0,47,0.369,1,south,self-employed,-2.282,412.88
2954,21024.0,42,0.263,0,south,employed,-1.799,507.1
2955,45949.0,24,0.219,0,north,retired,0.407,394.64
2956,19201.0,53,0.612,0,south,self-employed,-0.649,1505.47
2957,12098.0,36,0.29,0,south,retired,-2.131,407.22
2958,51223.0,52,0.218,0,south,retired,-0.889,474.81
2959,19882.0,47,0.222,2,north,self-employed,-0.241,1106.06
2960,41924.0,57,0.183,1,south,employed,-0.517,213.17
2961,41952.0,37,0.094,2,north,employed,-0.021,89.99
2962,23499.0,39,0.855,1,south,self-employed,1.451,5103.35
2963,35585.0,51,0.417,1,south,unemployed,0.669,2496.18
2964,46053.0,41,0.361,1,south,employed,1.836,1129.99
2965,35680.0,24,0.462,2,west,employed,1.878,875.99
2966,11924.0,59,0.635,0,north,self-employed,-1.578,1549.12
2967,24976.0,54,0.111,1,east,self-employed,0.782,1421.33
2968,99789.0,63,0.182,3,north,employed,0.994,495.4
2969,44189.0,55,0.297,0,north,employed,1.013,549.69
2970,52579.0,27,0.368,0,south,employed,0.957,420.67
2971,34984.0,63,0.417,2,north,employed,0.516,671.4
2972,139164.0,37,0.35,1,south,employed,1.119,442.68
2973,60311.0,56,0.038,1,east,employed,0.196,225.31
2974,34730.0,64,0.392,3,north,employed,-0.507,1227.59
2975,21819.0,37,0.123,0,south,employed,1.524,275.82
2976,60318.0,41,0.616,1,south,employed,0.434,56.47
2977,17974.0,35,0.474,1,north,unemployed,0.398,4360.84
2978,23544.0,48,0.503,1,north,employed,0.636,679.56
2979,90888.0,27,0.245,0,east,employed,-0.604,337.58
2980,28851.0,51,0.515,1,south,self-employed,0.814,1122.25
2981,34477.0,26,0.366,1,west,employed,1.294,72.49
2982,,47,0.196,1,west,employed,0.304,1083.38
2983,51918.0,23,0.228,1,north,unemployed,-1.203,1628.36
2984,19009.0,35,0.541,1,east,,-0.783,3198.55
2985,30888.0,63,0.341,1,north,employed,0.591,127.0
2986,49977.0,30,0.659,3,west,employed,-0.636,996.0
2987,42158.0,32,0.262,1,north,retired,-1.339,753.51
2988,28873.0,32,0.429,0,west,employed,-0.092,163.29
2989,39422.0,57,0.508,1,north,unemployed,0.467,2718.19
2990,54073.0,62,0.111,2,south,self-employed,0.714,878.08
2991,47675.0,53,0.684,3,south,employed,-1.101,1080.47
2992,27397.0,35,0.452,1,north,,1.213,503.66
2993,43223.0,53,0.419,1,south,,-1.408,1172.24
2994,45677.0,65,0.514,2,west,employed,-2.924,980.93
2995,57429.0,54,0.217,0,south,self-employed,-0.115,786.77
2996,42621.0,47,0.394,0,south,retired,-0.252,665.39
2997,32913.0,51,0.246,2,east,unemployed,0.84,3721.13
2998,37633.0,56,0.759,1,east,self-employed,-0.645,1304.33
2999,80357.0,28,0.152,2,west,,0.792,515.15
3000,,46,0.517,0,north,unemployed,0.085,1722.09
